B,CD4_T,CD8_T,DC,Monocyte,NK,other_T
997.0445040854108,9.813456837894881,24.43828404409751,12.119160601428828,5.563923816058679,7.106613527726833,13.226375623707156
1123.6070585110886,12.79335370832154,19.486825491230384,5.329699144291712,8.296941260441468,10.474495859649954,19.951550911259158
845.8824341902663,48.7284307902933,34.72846122039829,16.658827116421595,45.8240038165021,63.75904176480378,41.791868525393234
814.912334181121,4.528032813978462,5.523942844602247,59.873624537099644,14.567665669830456,4.893503384464419,6.771890589234874
826.288414253061,41.1717107643519,31.97266552300591,33.57367891512014,30.081473166716673,24.24929187161338,27.443820826265828
1264.1791259386664,561.274490143209,508.279693238655,441.5273758096817,519.1004286786774,461.1033622291736,519.8642785387798
1875.3770160454892,278.25249511255817,362.4287302082656,1576.173378092883,1061.8050546213751,462.07461777809976,490.8790439423226
1770.6423731462987,134.35256436638542,182.47524595061606,1571.333637041412,1012.8591371895211,226.3437129551394,262.2448017633231
812.1576051185193,11.779944587507979,28.47100306941968,948.3374406264712,193.15375777623098,22.897775800382703,26.79737824713656
1268.6513498752245,116.72913608404686,337.27865076760276,1293.661103718983,586.4552709805688,364.89140244815195,466.9829975529919
1822.9881251999223,1694.0707593798656,1497.6574750891284,1361.2345640514272,1061.4674782185905,1204.9052557437772,1279.2386198036786
498.0469957782262,5.688649718552428,5.94604730126115,6.542525989513168,5.68707907313855,5.208130352275922,4.801100528313015
502.612919708462,12.884488673747018,13.001154797351989,4.635354111195777,3.0220970605041195,3.5310986825676585,9.988108231839089
1212.74652060745,32.407789874759345,36.24782194206798,112.49985087293607,24.240935154971947,29.861430031708228,34.94366590985725
943.6549201455509,42.89589360278534,62.352675388552896,991.4108688169636,487.33613163862026,58.18692073081469,85.91693126473585
1175.0743017546595,97.22261512635804,235.08016820029658,1295.5786991590564,650.6854899489388,279.3658809865146,329.500739571476
476.4483859627394,13.790941426918264,14.378777188688394,54.448249723729866,91.28762945362485,22.48353181504072,18.777473787852205
482.07320863669196,2.0241861441957965,1.9407680481266718,3.1076992486625072,1.6161002892772551,1.5087788961239819,2.055650803293899
639.7775300876908,9.832131709328598,10.75561573127103,392.215584188229,285.11332278274153,29.600487205471744,15.561258788363338
1298.0763198599882,1245.8143570013344,737.6595390762226,176.12625582037893,91.28619574030779,243.6635332007895,467.37460152281636
1446.1531414189628,142.23538258500488,141.87820059715312,230.30994402215285,77.33138803241978,138.09497260801308,144.61883857803429
396.3782204785311,2.178746614977956,2.1235900192394737,17.33793972007281,4.33151388469637,2.099895766404779,3.6760877753536594
421.99857105176443,5.6575644042485305,4.849115474584338,330.67467281870313,87.59569149539124,4.611434439891918,6.287374507171901
1964.1648969875098,1980.6933190844675,1739.934436255194,1357.0916533477127,1081.1735351402626,1275.3318201155087,1462.086153680159
622.6153961069087,4.297541034815663,5.283355573798226,8.205949178902713,3.4539548094477617,4.047783488668253,5.102151806865504
2029.1071762886795,2066.3889916383405,1825.300332555727,1460.767852968098,1125.2987807936183,1375.463208295997,1529.7830618045123
1110.8058757594101,86.2921534594926,182.8219342558313,1186.5814751414407,741.0890745666969,211.03014332617113,261.23432819367014
580.451794618785,16.1105907904342,25.34646113978315,610.8387348335341,315.4876749058698,27.950752009158297,30.197081838174036
360.0785130429475,19.602382014252065,4.051024088304074,203.73559401835695,11.840881294093641,6.0544987707744955,11.014752381185502
1636.5062328403142,1612.6444049229883,1426.3306860152213,1139.9234211116348,941.5178378049499,1058.3327035330374,1221.922571874088
412.9159838853286,7.1927125044385996,8.109856034869628,348.644985721551,71.03492631841937,22.02665739729587,8.537398251013714
346.7923043592026,1.497792200829192,1.9636204611056756,165.13517164154266,22.590025740069493,17.186515421559953,2.551075242653915
1520.6090468893046,1512.0770083008688,1325.0913692527693,971.0705407706482,579.9747491509225,922.3240577186175,1081.051825920991
2049.9352194330727,2124.153352393351,1889.7597756661671,1412.4498293970194,1101.4988644572577,1454.366499801556,1617.1165548808278
550.080118469058,27.528841650060702,44.32745574594399,689.8619488616796,318.50721278810295,39.84136728237375,55.878235470620695
300.98011266364483,1.430829331526412,1.64368231475836,2.453446500622129,1.4168196938432798,1.5888442643237375,2.4306549074406094
951.9749974446829,632.2150672406473,606.7180664544782,293.13364153370736,194.78091916374945,290.1257154806178,556.3631218014791
1342.5827383870514,1205.790019607233,1119.98709169313,391.0985612286788,604.1282077215666,746.9749504556951,1100.023501727932
288.7333902672421,3.415294303975672,6.037086928589991,18.05929521849614,1.6187526589138395,2.2268732361690717,4.921520423007097
309.9034669362887,1.1057273118833684,1.4285227165192438,87.30254111604252,1.642234911691676,1.536298312845117,1.0154996737450317
299.47821659030666,16.72457499988374,15.61192898426014,13.180717957315384,5.983754860842059,5.904392623177963,21.24108107510379
474.29671183575005,212.44902608645606,93.76574734531737,36.20351753015944,98.01121156934099,43.24302913113765,69.26101215876106
1714.6293162622658,1727.539884712065,1556.2015528715142,1203.07134558768,1064.774974553131,1262.734621671037,1344.02384386845
751.4181860618602,22.712579627548518,62.79724416883839,1000.6081134041502,564.9873294983995,59.66654121647873,85.96485975636304
287.9646950584462,2.4882712653251615,2.735013215532912,102.95144787313406,2.8172998946543784,2.702279026366869,4.1961632299982865
474.8367397275446,47.86132405573615,63.093391868055015,292.28552753315535,209.2774124370938,100.34062038305677,82.54167296650515
2024.0400176596984,2110.8676164861804,1837.4072965078444,1455.6917640087272,1138.45591055586,1335.801771344649,1523.5362313652072
319.4552519045116,57.15029166454475,46.49251179703374,82.69731119522994,14.263609484398987,18.737215742270397,27.421770195963525
833.9130054109014,544.8565483375812,550.6901946616898,132.34484542030722,252.39626016010374,384.3937107741889,516.7119370647687
358.3781785266686,19.273703857853146,18.983498940326207,70.67221684645699,129.43608558386111,24.831867020994245,15.208307737374664
2235.003555083727,2340.6854026570454,2111.0297223074126,1590.6375456385522,1365.9308382321087,1700.903971184168,1834.331749349959
250.51232544606836,2.273357248425867,2.0511486132974475,41.529491684241925,3.0139281204517694,2.3513583698642453,2.60037749348275
270.97340338164105,4.895955341355032,19.82821803171178,92.26647335599782,8.920178589942864,49.638083113066855,34.04810442303429
262.06824035692347,10.739566357709618,8.079120231087268,129.98530229254095,12.313984466171155,2.632887097209218,5.162361974472157
1810.1302276247177,1880.9209285373393,1664.850377756386,1263.0497081724798,1061.5021626111572,1229.162104542557,1381.2777018404295
476.7692307278203,11.173303109899305,12.734650771681405,257.3663645619547,345.6540583100768,12.046008300162386,13.820406987580578
275.097408452054,2.0946553329990096,2.510368524386521,212.71731545779687,3.4800376389686036,1.702062353264181,1.970789620402635
267.9435693612987,6.2648781185456475,6.795482630012743,32.81144915951208,46.23716845278942,11.374547546292298,6.867660349682794
290.22383552889517,1.2536785904691048,1.359964507661952,45.13451887077296,74.88519784053719,1.1991362729139994,1.0154996737450317
2326.2167242845803,2467.339648696181,2199.6381629788007,1526.649856149416,1240.9349857306343,1734.145674480214,1905.0504079052544
450.8606432410634,99.01049016420461,90.0121248206731,194.10068358133262,263.6885762153891,77.42348235874549,86.69678420997091
277.82876009578627,1.0730216609005871,0.9943200804762076,3.761951996702886,7.045528175918021,1.0996777831552174,1.2454324273938249
1347.2819484965132,1248.9815045367977,1169.325462105162,366.3347487914548,643.7203959575351,975.1513038450082,1095.4604837791808
246.14166798877753,0.94766012863311,0.9675840460723466,13.427664606618968,0.9623117834881967,0.96143283192057,0.9552896162681849
1754.8745102968958,1855.1619000832513,1622.5409963421598,1246.617278759973,1004.2691528124933,1228.8318497061223,1350.9949020094728
2004.375579988585,2132.8132447863964,1852.1233925718345,1400.0423752767763,1235.6793826802686,1356.0983570862081,1531.9188681643411
337.15915836058593,7.630329157390497,41.053819610563615,133.6709508801342,71.1024140716806,232.46116952377554,89.5190393428226
2123.6784466847457,2247.9523100372894,2020.0723674964815,1526.4393662483958,1178.905161143068,1506.2002982378453,1703.6129345610286
237.72524210102145,1.2295372768136286,1.3465964601500127,1.3085046574547843,1.2698084328452288,1.464359130628564,1.595785295996312
315.68612683723507,38.41985145902049,34.30114926175108,39.74897170937404,30.03740655420313,28.686340085332485,34.040034110841184
515.3370235892412,247.41383456201768,293.08293735357677,246.82908363300595,141.2339518941593,212.94843592235014,321.3249846967891
1961.900491046868,2090.822518146577,1840.3150088789982,1342.9091567847324,1131.8761528252594,1389.1592810760535,1539.620582063605
1682.1184001079334,1723.8309741368028,1560.7443180554467,1293.6351502951038,1011.2393393535992,1263.239283259279,1350.2796961414736
319.5595462779754,10.560124746144874,11.54974766048447,379.17401254318776,137.30296231229028,43.62078814634497,16.36033070632552
1605.069091968979,1675.1208566876896,1501.7366649349506,1143.9013558231175,856.8454361493901,1198.0549833697512,1290.8122791888902
386.1005618964562,221.40107684074488,184.77167576391707,6.051836614844211,5.8800300034918145,133.14288294908843,181.76124871036527
1994.7325374435814,2135.0267069509828,1852.8695328455474,1443.356922225146,1228.752872781654,1409.23182122106,1560.8645194653604
331.27042778297806,107.37858467834602,102.25143245528264,38.166537425584046,28.808762987724773,108.02731148350786,114.45108122359773
1839.4014205040824,1938.6178204116811,1759.7574341759537,1240.4025787449025,948.4514130427909,1380.1470357748183,1521.4894028404224
1360.275098872341,1424.2455365683074,1234.2155808577834,889.3311864331465,536.5948967859662,873.6265063368608,997.9993057168157
424.8431620243487,3.4686352110919416,4.931041730953569,70.54413741524071,3.0310803497205665,3.840740541525298,4.1715126552329
255.45653851800995,53.29262344104453,45.75229579639659,30.493776203863394,3.954596030062946,47.92443545853658,37.604007320700156
267.07004054413983,40.82625550837081,45.07138072173542,109.71751502013788,9.647049019142212,29.895658055495385,43.57918188878555
1662.0729454009177,1788.8601103309215,1546.9074508464378,1105.6897100109934,866.8142627674195,1138.0384896953094,1297.7339427903062
1562.6533823055843,1672.417809206127,1477.8271523304072,1003.8024837152803,604.9699006660471,1096.067616672115,1248.0161959909858
1548.1899603972772,1639.673672541943,1456.6088348528651,1074.1388386868632,729.7245222996441,1051.382259075922,1216.0760853060215
1959.4815467280278,2062.066959286668,1854.4839767921972,1503.9694261889938,1181.344354813963,1382.3030833444343,1582.383171703831
1639.2030417307915,1746.0655248405162,1554.862845621689,1095.9708206872351,852.6578921717108,1145.4162306943522,1308.3364017757688
1674.4413445663613,1759.7207970622812,1540.1018073315622,1192.3047776087988,1015.028930393285,1206.5127046395999,1299.3879832295909
430.2787766880484,177.75323803592465,289.2576648779397,4.416204744743264,10.197781315629276,299.2425209835377,326.0763898108654
1691.9509995798894,1767.3854228657476,1603.147680865214,1231.093123766238,960.7252836440637,1285.7016431008433,1388.7403371461646
202.93006347387265,0.4333356959385491,0.2970863092584788,6.897445919157883,0.4653307881679578,0.602384788466776,0.7253569176842943
694.0817198561559,65.14286837224827,65.19980265927866,37.06245837837981,43.4204981374954,62.58113936980616,70.55744966404608
376.61919466214124,24.419067393930472,25.05577021206704,255.065550597415,17.49229603161335,25.129979587464632,26.32400862301148
204.46239459932104,2.8752781364441127,1.6988724761037124,1.6356307519329827,1.2355046911642933,1.2929613494743226,4.426096203906693
386.13244019491464,140.2885180687944,143.3701707700894,104.82040449768404,123.76550855100209,159.27558257279438,146.64213985207593
199.58926537498658,1.4464064388438052,1.2551852321135415,128.80090300417936,5.456148001731046,1.025245500617202,1.595785295996312
2219.2842868146604,2341.7227869971807,2072.5720883128115,1628.9353530012752,1428.4462443156078,1662.5917269769286,1761.3973284335082
394.723181693793,192.0870050872127,201.04751227071228,171.33838583529158,85.08632615990517,192.27540829990758,194.2282951795075
1924.4173216058305,2059.3881898715085,1836.728817872929,1396.0280866884627,1142.8193539529843,1408.2845466005076,1564.288869225971
2031.5470556094922,2242.0365098126545,1955.358417304326,1406.3246305275322,1202.2600528658093,1480.5822941805704,1642.1890201937629
98.98719186519801,1252.9427192165072,865.3048346152578,14.803586685557773,40.624651074418544,145.75419604254452,609.4523842476987
1706.0308668762975,1911.647437163727,1665.733331105246,1132.5381453460134,920.9678857551423,1212.0295479567,1388.3081913110695
2033.9757695959195,2253.359478064123,1998.6859511952111,1381.8990236452337,1102.3042213714302,1521.9095392100762,1704.628793037682
2038.2789909710987,2242.5098650410405,1969.8520369339574,1429.018228033893,1252.4024900835593,1477.6724964053874,1651.4735020459384
1935.5599446860754,2288.85723033713,1989.5184819620133,1509.2694588463219,1366.9268675477454,1590.6815872228372,1711.993992539262
1682.3915701639764,1863.4381722005292,1610.1068976776908,1148.2466459828902,948.2233952768437,1166.2303349321385,1328.1624452358099
2024.9832346576663,2226.3318200407307,1942.4541633625606,1432.0688049266926,1203.653759846482,1429.0638812871325,1601.2673357237068
1888.393131484087,2109.3992629341424,1876.693630390471,1335.1865819256811,1077.813645186263,1462.4439919926253,1601.2067766648743
2129.3426969457464,2403.03898862713,2136.2467805629954,1499.4063944362347,1251.5142760093665,1550.1476693156544,1773.7463016538652
1989.5804968975108,2190.409939336963,1938.917632274875,1368.2136496499395,1112.3428755628543,1543.2621801936673,1646.2258396909083
1855.865721085776,2057.6234024700143,1806.1090087968064,1334.3727703364693,1008.2422591567645,1348.6962438615924,1505.4988792126926
1780.228573988977,1953.0312121434595,1682.0108591530109,1255.892383618797,1024.3915142026171,1244.4646200256377,1385.1437831344606
1907.206593044712,2162.053694309557,1924.0587639455323,1451.031025248423,1217.8132502023686,1480.4528307071134,1629.5049986237013
2224.7228196907563,2398.0749959118825,2117.7871957014563,1564.7837371069022,1309.8441567835368,1582.3096159392937,1771.732064503387
1926.0598945484846,2128.251919227741,1856.9365560113654,1435.7461760895742,1104.5167736411627,1419.43405720578,1541.3725093987305
286.5629697975772,886.8271305252297,625.2659838958418,264.43249431831174,117.65161589079767,270.91400122485953,431.3162774846316
1717.883630599215,1898.922645310144,1669.0411782687752,1234.0294865105695,1047.9395557834343,1250.4505727854191,1401.735837525342
2171.296187141345,2352.4005756939487,2093.5630875139527,1592.290168070859,1308.2228908251782,1667.3327956460867,1799.6886972830641
1950.1205557550556,2103.274349419325,1855.9269698706275,1443.4901243565262,1196.9344387267445,1454.0259594387328,1582.4406858937834
1886.0838104483034,2055.7845736726367,1810.3803825267728,1360.7820966395334,1177.9651039953299,1349.7849444699884,1511.6779331261907
1575.7635149348594,1760.3379428275982,1531.7483883104665,1067.4225315051278,949.0438004459922,1129.665624018167,1283.5436133080934
1620.1559962996714,1855.6981636715448,1662.016286214236,1144.470995310466,918.3006743182999,1265.3424498073537,1417.3748479568324
1726.1273268608466,1886.278333234694,1639.193580923517,1262.8764309012863,1036.9825910078655,1200.9034033842017,1363.4716469498617
1778.4504944880996,2021.1012767543364,1832.132668276734,1256.0386578791163,955.6992582397344,1423.5179701780644,1577.0644624082709
2154.415724096195,2352.7742701304132,2098.6837699980742,1657.62590892972,1413.2614539530034,1647.3049751810306,1813.0350342209526
1677.0216787185907,1847.6216155370005,1642.112218476715,1221.6900647110097,937.5503286774684,1234.663743168474,1397.5855684691924
1591.5606867870242,1755.7536805321752,1535.6548857901096,1177.18748070117,879.0468424251605,1136.5251757257827,1292.7167882867725
1455.3055436450074,1652.1646706400495,1437.9470099737089,1063.3375389201437,865.8505321453898,1118.1220212333305,1222.6797292688761
1975.83191014747,2116.1368958264798,1868.160939064011,1374.721566104645,1153.2156794730452,1463.6472867808948,1587.2681563433953
1789.725071520172,1950.6204403894835,1765.5065629272192,1266.9068449625245,908.3559799628234,1400.1531671950981,1539.4400326163222
1767.363444322182,1890.847572638199,1693.1701877125738,1296.2930862347312,985.2897247393266,1347.4108884606135,1459.9007272348806
1776.4324871767355,1895.8369164835588,1696.9908976832096,1297.6884644362356,1071.2587537794336,1310.030378785144,1431.3033187153785
45.10904128176383,730.7708718083306,684.5712240772515,3.2990558049358016,11.075823193837408,60.66954773816973,296.2728185097195
1474.6793019857005,1637.5225822054094,1402.7608472524214,1094.8517701164444,890.121624026273,1024.648387204681,1152.025915143429
1711.3206977989878,1877.1535359899665,1611.26298057766,1309.1701828267878,1100.233067643881,1151.1592437928023,1313.4225733072458
1648.077579385199,1770.0769349124446,1581.898946687662,1233.4571753472335,954.9978627456094,1256.2790004725748,1370.7570032230371
1990.0514710024956,2148.787139416175,1931.0916015870127,1479.334283575671,1321.6874087226001,1468.8759117607137,1644.6335988125923
1494.5840481037,1662.6627211656541,1451.236873181723,1125.380820792331,926.8716648613032,1104.1439908711855,1224.207238490265
1593.081202324238,1796.6451875356604,1606.836419602745,1267.6218045401965,1015.9020962125019,1274.3551423053887,1403.4398363688406
1787.3202107481134,1893.6543049005898,1688.5482149588197,1341.9484030162048,1094.538128954338,1348.228923206109,1435.9158439766575
80.40533169382054,600.6575378385535,410.9236889814508,8.860200436052473,24.658561507102,94.77356525031207,257.2136634175263
1248.40606105847,1413.3456236838915,1233.2184096966416,846.1447845151799,657.0960465687118,956.875600440415,1047.590972389926
1365.178456970736,1473.8438825020824,1265.539691726381,880.7796286819541,658.4085480271057,911.1908138969271,1004.7837246727959
1353.4851798992104,1444.9360827285382,1268.0339852769916,1009.1440227674153,641.2627131197029,874.0242319904211,1049.094348206119
1505.1672625554756,1610.9528541195946,1431.48401989568,1057.1298997630404,866.9278587409576,1123.6889505919753,1216.041351246207
465.5364602602931,927.7758452376712,760.1364871851961,375.6032460230598,314.91726346039263,478.83843265296457,609.0581301142196
56.42682054517998,798.6098923894839,849.3127890233003,7.511606382142705,24.288233357302172,134.22431660949272,841.2755627137282
1959.4503345432686,2061.8083509329335,1871.2664220601273,1382.1590349690237,1112.2241411607877,1468.7732800952272,1575.3705003547839
1837.2225308745285,1937.135919430324,1741.9200880917608,1385.5810702410938,1183.9165053230306,1381.2400965520096,1501.6321212811326
29.043225378243545,702.5339380520073,747.1794075052501,4.703239206430552,13.488523993203149,110.89306037393929,818.6616598618855
1000.8747847342077,1173.5302370744464,991.5715708199655,592.5228692667948,528.3057398719798,793.0406368731618,882.5176350536968
40.21142048409884,740.0094138061528,753.7068934022799,11.125484240827847,16.468535832997922,301.14333097983604,737.4020599497924
1498.8105078049791,1622.1965497896022,1353.4620806253001,1186.742539036691,986.5654313791512,979.6904631591894,1101.059208238765
919.2891788647788,1080.8709846511276,955.8309551099254,615.0959551027167,374.37014320155936,688.2893144565818,803.8401403381729
1344.4299668338388,1711.2836401940028,1433.8874357956486,867.7241023007278,786.7080889205506,1108.7574966532843,1098.2799195889954
101.8371038174503,395.49741435802554,222.5974493719851,40.59457505012523,34.06895105327835,19.913652519632148,78.93389100080667
861.2990330823284,928.7937132316092,790.25119281646,350.454211304379,299.34979780890166,549.2949592102632,667.1688888214497
101.40487532596491,521.5233145293877,362.85419155901684,52.762672645201256,73.27279223047803,137.26363375773224,238.45027919655095
13.417755235676184,322.5567471077762,131.68834227550886,2.944136061652413,4.908737260571311,8.73673451519634,36.720318708016315
1116.3549200701618,1247.3896145253257,1089.458408567241,845.2454792943662,645.4898964031726,785.330181455287,923.9236792214912
400.031473481859,744.472755234931,646.4201780037711,46.78302644497412,28.365900413787607,613.3461742090439,663.4238692586229
267.85174082991875,738.9808151751304,737.549418207207,6.598112355316912,19.37905558831419,376.9922683447724,470.7309210185467
764.6443493535835,895.7314131778725,738.2277106174286,655.8231269826309,317.05895588314206,545.6633299010786,605.7374750549059
66.24282268413283,527.3268454635269,399.7651053206636,81.83455664880859,121.69444658110488,174.51386941554594,282.64649460103715
917.93316169155,1082.0375390351664,922.275996557742,644.133113282048,497.9572175279718,580.8846057297357,685.4328581596698
18.173925005097814,388.1155408417333,299.6528514433756,5.453170232607577,10.654944463047576,119.12193566909092,219.7043888750195
789.0926887330478,962.2087829794959,863.1134044918892,480.4060341572008,394.18890145965986,599.7413295760864,695.2187284207265
17.804331026143096,341.80180938625523,222.39823550564452,4.34831964950849,9.207849582730171,22.149400690722658,108.15616722989824
323.3112889496747,621.8621485816092,533.7358640012546,106.86831570490097,126.48370283339965,289.1700838698744,409.2855234097398
153.42351004384057,958.4026930721378,1025.748519849903,14.309911056980843,56.031598182930075,645.1460032242838,1082.737781097053
11.115708914830108,10.123687520149863,489.50082613935865,2.2219982183772595,6.410289232239411,69.96915890778747,66.17424813858804
9.741560959353214,11.354206561184045,495.68224448015303,2.780572874642318,5.276477557833824,17.811284287719165,47.01873837302641
32.613396557455005,578.235737517717,608.0557184310373,82.10044208163339,17.72519989254515,423.86151151135067,535.0829842919298
20.446835790291328,191.26289215913008,451.3228395601552,3.0398141534277325,8.268381691165384,637.8011870896048,532.6104943750353
15.871877693011113,81.6578679519736,437.5845783265867,17.05383858567656,7.478502429107333,763.8678654566172,583.7097658488939
3139.9488318696426,3354.3161362763294,3141.3774334235113,2294.315685201917,2168.1676251960566,2794.9708293752956,2892.7158797355632
386.9137915639939,458.3804566685034,490.88649304950513,24.53763240333936,36.3837643590643,271.0420672083179,479.7165546288116
151.3663923424277,313.1263614388294,1004.3388254618902,21.28841073548017,61.92105162562669,1225.5305311329723,1393.963640550156
45.799527605349375,370.01215128255365,388.83439861035896,7.38813529382684,11.92929911121416,300.62558888520846,390.1736708614045
132.05895989434802,580.7900986091787,885.2986626552572,252.07074494085592,473.8660624032345,966.8607223789749,954.9915477453015
90.2057911797937,368.15011748248156,332.5111123780865,3.721860084369983,7.1868098704656385,158.3798194335848,297.0930441608429
14.267098772857356,82.11417991067788,241.59466492492422,3.3669401547252673,9.143112408467738,166.58525183401233,250.22890336654456
134.13374546863784,443.04936073332186,566.0243084099632,12.011184339306459,21.24573455629611,766.6621746583276,797.5580119744457
42.341291282329195,274.89449313657633,352.7372246863249,132.85321526681577,52.569278014705525,251.59269580342252,304.07196821313823
18.296521645437675,315.448337170932,402.0015707825165,10.304739264796869,15.729522568859629,651.9354568335771,455.67917557564147
223.87965650850725,400.97386206053557,397.2509788401486,95.6732955802015,67.19224200717547,274.841535066317,321.6627395966089
709.2832591824989,1066.5524249245827,1068.4228395893506,528.5368018666511,465.87470494976384,1171.897100976273,1097.2844730111292
419.6767207344974,345.07884535211116,413.05698596286186,39.888211947757114,32.75363664935632,420.9483597601717,381.3264378190207
602.1503532088412,800.9721750771348,735.8810311742131,232.8166201632342,158.7681166557711,762.1184315769515,725.6774540091856
335.55851886127675,565.3821780191209,544.4333553198504,82.04193953378072,84.58865559328297,593.2892859520201,552.620526856464
38.37375156188679,501.76770865837693,465.3598362402498,50.43934623232889,123.19835450218126,403.6909793676526,441.23347181274676
114.61500430935918,168.59178895890585,872.4210388447249,29.963889823955025,57.92756934769311,1706.1396395135791,1364.706284894178
111.73323784842349,404.5370707041363,486.29186428831065,36.38230513307718,103.06935215197278,635.6863934247431,529.6916492349395
39.62027233085853,195.88477875083046,236.40776404338325,2.1263201266019394,5.144177001932678,186.01310189293162,218.87618453970174
334.46615583410363,333.2864452614405,336.15400880345993,13.699468875197462,8.804992628335942,267.56930456215764,276.540968632341
2103.255654427023,2382.374195995902,2321.9733855199793,1667.9496466136627,1629.4270674688794,2234.1887259761334,2234.1946440787156
32.44393802538887,92.22471192126156,489.03172613532786,36.20377992690822,14.66505351431924,1016.7199233470471,792.4645102030728
119.88804758084628,104.9446833714669,137.4539674309123,1410.3586704347538,1132.9043890768507,186.99256070814866,189.91914317361346
47.663004468440214,40.09275778047988,50.17647076742059,630.232669369755,353.69329031863117,48.03461706373975,49.1123535636082
1.4308428302852587,1.4565220815298832,1.9998412853167238,634.1646607959515,4.875958989859741,2.1111628111595087,1.535575128389659
320.36881098301836,49.6589363084058,54.01933371727259,648.8961390658761,466.1057048394105,76.59049447026649,73.23766025399148
77.50274124986205,1.74541199970049,1.7941669012249182,382.80171915780073,41.60462280090395,2.008563244271387,1.2454324273938249
71.90028889430526,368.8592784607975,343.76380158421057,752.7119337566118,546.7969713561233,358.5923280793166,379.7607549637124
134.77175551360443,71.70126190037963,59.534886266484655,339.597760511916,116.38993670206733,5.8686937411674345,20.00085558494373
22.403308866216932,4.058485180304005,6.980470190632789,297.58386653874146,90.47904381706229,65.3756162703164,8.329515466888386
98.56511367769934,10.823593323980454,7.405637170578726,376.3941336781282,220.1402797402365,8.776169936090236,8.017321254551801
246.95678497846276,5.828037445746193,7.837672640994061,340.4218771370797,135.93647294522864,7.827850691763762,11.063816531373488
16.909605519486835,107.09269703314872,108.40891316354364,547.2138207767092,422.2653208175974,23.80079890013426,77.82811726419914
128.69180272479636,6.0343863393828485,6.079728988780894,283.23207636429936,115.29992461106998,5.684185320249564,5.3813863708239085
240.4882975848622,247.3755731341636,222.08314332350082,546.114426107827,237.6297929343014,266.51710639252104,237.6127710952114
345.66882430637014,282.90144302965575,280.687076826263,544.691233850952,331.1353138060515,285.03365322344797,263.2304652902514
20.452208314471807,10.558909166162657,12.16468099827459,400.4671986013176,310.8657502022372,10.629641705553414,15.00302577875087
274.48264894715714,23.730363788384285,23.340097625537318,375.50541974426517,81.55127658253217,37.90078821444438,39.48163417342554
1.7533977332522028,1.6130376974429246,2.197749638959166,493.3777367043173,48.32460342876758,1.977957339873977,2.660587440829791
267.2636575926869,186.4334851061895,282.72999275621595,748.0128850709858,659.9755393341333,509.45984220190746,360.0409435957014
767.5590091433763,943.2188415976988,976.2604247839445,1009.6486832780662,763.6460417451012,1022.9656974473414,958.2209131246807
293.75220807348626,105.40786126124316,157.79288534750387,478.11383157687106,239.26509781346084,146.10960569895155,181.29572209051344
705.1362890493159,1025.5396617220435,921.429915698282,1153.773389431163,1057.6489835184323,653.5410610426018,842.9327044083534
50.16221152306312,39.06609569411881,36.27414557849239,333.5850105764054,251.97722590149635,57.28578074883605,49.4344259790353
148.53718542432335,136.16345997410215,109.18299490070972,415.72065556731246,106.89819252742701,75.41329082026807,87.75871747335475
147.09604843625584,174.43778974263066,159.87639826073536,522.459120662943,449.94589766354443,177.33587686902573,170.6403303150333
157.83378540637966,154.44932904688832,173.02362887191694,474.26346939379454,380.4180047612327,202.90352936165644,174.6332247592638
156.24673779850272,34.118106718085286,21.367211879708034,338.32947775381984,258.92328018004923,18.616413213078964,17.315855669989404
4.42622838913699,13.745662120494412,8.66985648266891,208.88815970287166,109.02702740914896,29.672136517692522,16.51630975334164
72.96853701958487,90.37667824926052,72.78772179785379,519.6632117419579,511.09856497401927,35.31353113090503,67.88522480660268
72.06009274269653,66.38011921139088,59.98125133913044,235.54704916827401,55.08523843145013,34.82616348139389,38.98360780726593
125.47005658977977,51.440716679720836,63.16942973839872,632.1706840477335,645.5627978579191,79.94735628340491,85.6402851917407
251.39238852141878,316.17584083201405,331.54879627215996,554.6759072269731,404.4820913785437,426.5716359155542,345.8035314187723
825.9698215866771,781.4963370348593,760.7988263466368,796.9474932931943,647.4199268614959,705.1846890399012,734.6834995182376
1247.4070173885748,1341.3791306147023,1375.7910421774907,1468.6783993162742,1373.716383271487,1420.6081724028818,1350.79371511756
145.88200864004165,136.26483934461916,129.19220199668342,390.08733186738607,266.4961768602393,140.139947672552,133.85818737697173
753.3460459859419,657.2959864974822,642.4222441994042,679.412069904324,473.24839576682655,559.195952250916,614.6986933276712
34.26196650588282,59.74769267068733,108.26482180660882,479.88357837613285,425.19238992573264,206.523475654454,169.68783612363407
75.96443096097148,1.0558929862459767,1.1275535435861272,310.80761309018465,19.246098750142153,0.9476730143810963,1.100361076895908
7.836559044054121,2.680998851721417,3.1446437699388574,218.86436482018223,96.67628683466803,23.436721312011812,4.836659680635057
5.065844243913992,5.585879766452321,3.9385164879572208,243.34039958674583,174.8403411525239,3.7019566832099966,5.441596538430561
1730.4621410571842,1853.801255300948,1715.642790578689,1477.578992451842,1286.1124163828297,1443.678160895774,1527.4213712829676
103.27666275044488,118.28483534528975,91.54942518785884,278.64437931715514,143.67343230771797,24.148580008012235,54.50931317005714
55.09472795564503,50.3174495180143,53.221834224843754,229.65211537296506,99.17990584717927,48.33054255836256,46.98481486858499
126.07039949104556,217.21894517005995,185.98317602905766,460.36965696297057,251.85773449879824,191.93409931758498,196.3175686126125
331.23264962032744,380.0243051476799,374.5178476272139,524.5095365663981,322.5912770734092,355.3697161428797,354.4965756842684
113.74797803069173,53.724351342522226,58.210227342008665,281.86470305216443,200.10880430470857,64.92766482621168,62.912531027360615
258.09718767971066,113.49882030605924,90.8846107898611,409.71892629525064,349.49558418096046,66.94284540398357,82.43261450313052
0.43834927843170324,0.7463676809526599,0.6760992386062942,267.44154096205455,7.80718909246945,0.8951270629024758,0.5802855671863774
46.49033112593452,41.29147054253105,54.46907023281487,430.8557954538581,437.0374311390157,62.908745962693935,60.90286822850992
435.2166141002984,361.69154822082106,203.22536351014804,511.8007555615577,397.2078199777401,149.51161342649007,182.26259482940083
2.3806001577934666,1.7438606943417174,2.4206756313677507,200.89431431408318,148.69459455647586,2.0861359488653055,1.6204365315405356
12.440645738302536,10.284080155062224,14.218362073425544,539.1191196193903,484.2277035307286,14.321142979996848,16.190847101962678
50.04403581590499,10.305084538823934,6.80328854843366,192.17184086243645,47.52257272949068,2.3513583698642453,7.207104640728625
198.1200564524557,165.2842545104616,125.22743170656202,525.552969165041,443.420460463101,287.22298900482724,116.48556111348068
1.1082878034132368,0.4127006690362002,0.36952795768057545,179.7652574223143,8.50564905857769,0.45038018346101427,0.0
45.83940719812229,3.5753162393891467,4.651208090862177,243.5942565140641,163.58027791201943,4.946049008406321,5.671529071819743
100.64386421448397,76.19437246375686,77.60168445169641,267.404065935479,120.44958198215717,71.84528923071309,74.58146943460392
287.6975834650951,193.85772787234467,183.90138569424508,432.91818619075764,328.2299224432704,181.30803256613385,184.8020718616521
893.7477786247422,623.5357255678864,668.8753378235539,803.3483518743982,763.4175193120665,767.5318047345661,709.5878593699391
26.444402605900756,20.76186507611848,30.48462934672911,305.8137735844311,240.377934620466,26.982370049041506,29.600435552183896
54.99400997835159,25.67656392725967,52.9780932582463,210.04959927571514,58.51639540701479,32.539904781171735,44.98962224522114
248.9743957935773,278.6289057415347,92.82868020414399,373.2120960141906,108.5835167967925,35.54706917827181,76.62010782596627
90.65597302145567,41.80487703550359,32.5681267412361,261.90100975734583,229.77159877372046,18.65385022327507,23.737140532586917
467.0616068737009,365.5336528288937,367.5631933197385,565.8683689833721,335.7125525330176,381.75804463710307,426.94827211034243
78.46058895943587,30.714189352016458,34.26625540972437,197.6373265969945,91.85896994533152,30.85595728283361,35.14373564501659
243.2983458041916,243.95489753096058,259.9125327943761,556.109881604798,527.9051718408962,348.7651504603822,296.9986250323373
131.28104218278918,2.2391001610950907,11.08149051717784,175.40755112547453,18.5827697782988,2.066743154842997,7.072940986748915
55.08208765521154,54.40749052590843,61.990092029773756,260.4364780854133,185.52164300119253,78.94965323625804,67.42060037012266
224.02739101106428,7.339483832110562,10.72887793888666,263.46813855805084,241.04528802559037,83.49125815793654,11.17333137266471
215.70644142018352,199.28748053691706,216.25483803986262,399.9020198586985,265.08994496002845,223.69996932586253,216.7623829961758
8.043317960790294,9.886517386481309,10.14755427867129,273.08676846952596,305.07809040505276,9.11582638648969,10.182482934463902
14.675124142033747,26.0875305609721,20.400922980310813,235.2779016667769,128.51292331385142,8.765553379258224,15.75563525306505
258.0927627815664,317.75103128952355,335.94528195900403,522.662311163497,303.2988865876854,370.7944002016252,354.162824223161
200.2402011976863,103.8372983909763,124.90690797084508,375.18007163002966,334.4187696356913,132.22224448790635,117.94229827833585
273.9878850672034,307.9764604360943,320.2764603608254,448.9798251429904,264.29555308530496,336.2930553205722,291.6343272832708
394.468187025826,405.02953987982886,450.3883640459725,644.3402158795841,619.2406930541646,479.9446857357414,453.87968626088355
15.240376133979762,14.71048262317391,18.178882172875923,414.4106278719107,326.0518251719738,17.461052331756406,19.743907769591967
68.71567066809018,26.2229231168881,34.75992931399276,209.5379494698469,134.38995506436888,43.58519058235933,33.41899715642813
360.3710321159654,373.9271236230777,315.93627660644876,470.75885070860863,310.91121611894823,222.54706802693724,271.91592557677825
217.5484361164774,205.1737212097084,186.71146976960162,323.4415633131234,139.213184587425,120.21544364308185,147.75626583318027
97.71962507530377,18.086140898397492,16.072870988808006,207.80384091991917,170.5940149288447,23.690676688256023,19.431475676874143
183.40048210713317,305.4385976991498,249.13007645917094,396.6836998806799,156.54757000058268,106.52175358347252,167.13419199312239
229.18430053107807,37.32492407752009,24.15191896083434,374.09126824809806,342.8990347999902,15.637055373223136,19.625848617422058
144.96597542493825,147.25633150990214,148.55024341285264,386.74776073718186,308.73509163717597,145.54345455077754,143.68433166761045
175.73586068794506,197.05099780246042,205.1273539029631,371.4093110788326,230.51114251178603,225.61029622905033,199.5040520886004
587.5410206807247,303.7732363568904,341.4407726771253,711.0786820489153,1288.9578211804246,451.9931249292465,443.5428920851876
1390.0265280090782,1282.823921906571,1252.364667079629,1285.3486609686775,1731.3116448144497,1130.3500587198102,1202.4569506710832
206.18754978081756,168.0259490521486,202.42478355090697,556.338882403732,921.2644464873522,315.948899019466,271.4792970180546
1247.2443587671874,1220.38408844092,1082.02158748971,1396.4236855686213,1542.835554515619,1007.1356015400443,1073.2499696674568
583.3982375479362,695.8846987826533,674.4265718000607,593.2186977360558,1373.972203606079,882.8764367370335,790.0110789099075
75.53401049238371,73.73719908770094,87.52838400271905,407.7323443644982,1044.9521101400906,105.7256803933027,119.58753538143773
106.44822039020204,193.8249658959963,236.32040914320166,673.4899184098916,981.4612284550683,146.5911667775191,187.2360075360173
119.699156767593,45.120484611691815,63.0213617083121,560.1656288794185,918.5649363569026,71.9757938342188,91.20187916692903
367.9608902023512,354.6940662448369,392.4811436794072,1302.3849845713733,1656.0901895873794,462.94265471574,504.6836900330885
404.4416854049981,387.5134850348162,441.1601855625504,662.8076036416181,1665.8867870920558,506.9417888230916,566.0496955051765
135.21740143817232,119.802742644051,126.26045112128713,599.9789921545864,839.5448978402219,114.41588809929422,135.41318499797023
442.0210924157101,305.784358945954,324.30226579438516,601.7862855431734,1076.001615068788,385.3929161230841,407.8065065445856
184.02539191601687,465.55345162729947,385.24383132398225,731.8495315972266,992.888451198637,513.0464723331419,467.03540876824775
18.242560488364408,19.645585403482148,24.69007146934556,141.34916876151695,603.481453909382,25.275908986828284,31.863974866353043
108.72441019937877,94.43438482962763,199.61833085708224,753.4322843947584,1049.6848780876926,905.0931178368692,378.2249005461344
278.8770644597169,26.467116368695297,32.65616834497659,297.5487769371548,682.5846248590399,38.43228161065673,48.44834660195908
575.6514621058553,939.3384420285311,970.6435155653754,1061.2838788387035,1281.4438787918325,880.9852973715243,982.3044726891951
50.97312168754137,32.8746878584467,62.190085712020206,534.1842478193622,732.8849311175596,132.03443580701398,105.45853322358485
427.4131238346917,214.55491361427136,232.80977880669795,327.12296584423643,924.2700601458499,263.8170718661064,291.45535665688885
207.58780007563848,198.32041540292556,195.31990799032124,453.8248618379367,753.5958719683146,178.12263578835584,204.1196222187592
114.16149982912657,83.28885772232202,86.57314443516218,461.4064103716444,709.1155242005864,117.72349537743712,102.50596897996796
368.52106010361945,307.27229591067083,284.1822039569964,693.1322233959564,836.0062639795561,164.48092536923903,217.2616710093944
170.873135525197,209.63967823127595,179.52851950608223,461.22530890648744,692.9608554532487,158.33132653063842,179.7396813199913
30.78875253703845,32.33035533406449,40.14349123169488,101.76203919229577,570.5406402516286,33.08794445896578,41.41190131140353
21.901320824597654,19.55416750133667,24.378789134065325,375.67674096696766,557.7264547148307,25.701168687083086,29.050755663834604
192.2727993825437,325.42461046830726,306.9204873864634,468.3973276781016,770.5321323978809,328.30852416420043,336.12815042753147
234.02393375225628,223.25779562213611,260.1713230440525,345.3136681618083,1365.3045004975593,300.9200400278829,351.8672468268314
78.83295444717447,68.66322153399317,77.01155391533021,191.35364009124518,634.7544346002381,72.41336891508499,92.55179218191633
39.09333674522183,21.412068329469232,23.07521627649673,251.60978541600167,518.2023506568632,23.754477347272978,30.553130620349496
98.23051049276143,14.972125735208607,19.598828005590946,376.9737442419301,521.6094040441412,19.859966194479007,22.34664512456044
224.13850512001915,93.76725776876583,123.6447080327798,303.6476645690144,687.231782917053,222.1506140892756,180.15417819287535
168.91558596195406,118.53922689398225,118.48603571109498,553.3036199393612,668.9830669079188,119.55482217101229,130.24175713785755
18.414943180270484,17.184026508266232,21.115416695097736,205.85731027473034,480.76990816173276,21.208603436312863,28.822490936229432
122.97881514480895,19.51280005704525,23.617690749779765,376.3006488728133,502.48064039186835,24.984345407863156,27.38880878550845
29.073432445010337,29.891897698079607,36.87532932638006,259.72271122023585,574.701299237186,38.96478469339296,55.787699959598456
65.07011365696468,59.02968730008702,76.15366330652964,307.3590996007376,935.4544003837999,86.34481394813147,110.00256303168247
969.5435876607339,762.1252568371201,785.7583979254009,885.1429526546428,980.0779818467569,805.9418732416974,829.1464966902487
188.60741359398162,416.46014983455046,549.8573978303974,795.994849969629,1017.0718227639284,899.7552091391711,788.6907899317304
197.95998298661482,173.65465443491414,161.4067927955209,709.7795318914629,1036.6712572936365,208.50961639005797,197.93095441370505
23.322248398829068,22.770154106327,27.821899440132434,75.90234462448565,626.3358076388668,29.608494823162893,36.41618423541144
130.73313987547985,172.02230656830972,195.07986435983472,262.6520369608498,684.7097320861375,260.4416863230384,245.22640934280253
29.459126154175276,14.902025543044392,20.208960237990468,169.029175174791,452.91765274834614,21.07843423040679,25.76577737547591
18.583261785619367,20.19306795668035,23.2238817774764,419.33414504899156,572.3431275732652,22.507303119914436,28.948796608282255
34.508591138023164,45.65558291986428,72.68251260514086,385.75752311579146,654.0131270881575,190.4108212443692,107.3104126086758
18.041291062202315,18.649203833643643,19.986058978549046,159.16229408472148,486.4352550084111,20.572906198365736,22.29757656918021
523.086875842218,1004.9947168937517,1062.8908488312172,1034.0428979675107,1309.78304618711,1114.27858833998,1144.7782250260266
164.989131182883,99.20083322279955,116.83236042892226,204.84887186067462,540.016952549394,164.94778485302282,145.25582232837476
11.945717312405284,12.963894340257868,12.754964782045182,185.01210702951514,417.2880187266354,24.927250953976284,17.181456778743797
14.010798640989023,14.809307179900697,18.075473152204392,406.954934360617,453.89083440856194,19.475296591229323,24.46273208182317
37.989352412976416,78.58957641065035,67.431860803375,325.0405136831803,493.46664390359615,80.92439744092464,77.30401920825585
11.897488499858909,31.310999302562056,16.736079198820523,331.4217640709754,391.8922533016012,11.766205472965504,13.894123474610847
46.55229952476607,43.95940872088318,65.25761766738428,706.2032073311107,762.2232475886516,664.4948671484906,88.53066221747132
21.135991868959866,36.820613476138625,20.73297906816799,308.128709264905,408.7866722417222,22.38162859121589,21.596634713670895
15.473275057203663,15.202583981130516,17.803728647255948,19.399304724227118,378.9104035946515,18.62952690985196,18.016323526813135
301.23263319501496,291.0848280696716,327.5421099071779,401.70571125555233,813.762649183731,491.18922566090873,431.13990063544355
12.83328903548027,11.705131927085114,13.000746460913719,120.46738502409704,373.1963563740188,12.675740002678614,13.86947289984546
84.54832100465877,110.97225827129421,148.62693694930624,191.40975721410896,536.5009369500185,235.11360554084285,230.70688160618678
175.11777061455246,170.1963042355726,164.14701157320155,378.8449193117197,517.8850068164091,161.76307284534406,161.28022012239305
31.688226086282263,30.708004564900037,38.1745569410901,73.22564731732072,637.1416475611097,37.51438222987162,52.58051208005834
252.12481225331203,204.24837142738252,231.7106341069002,425.00916651457425,706.6779821674323,339.2845224112646,291.0963440613708
50.58968998947973,146.74260225948606,153.4421488604707,229.70526264171764,480.2207386127613,143.6828223919348,154.15377499219227
199.42513178755095,124.27116435882388,102.56162072048598,460.7639200051352,504.0069371801041,120.9461911632739,108.97611094871795
10.612765317249577,11.06817325597165,11.81105776305068,225.32087536637707,409.0777275147945,12.379914952649449,15.331327136012604
12.300022395979974,15.591557000475017,14.67452431082899,258.5213396330783,380.02445619054953,10.550822396209313,16.204355183463193
158.655722131556,121.04123421310648,148.5674536783174,474.82184967519527,506.5873917567039,209.50859814055343,170.09257813881047
10.716144775617664,13.831741949855907,14.181213156745683,41.16865440973414,338.3172999480618,13.445784068195952,16.168798233737274
58.59474308847314,59.173737719635,67.57772905426448,130.34403442949605,420.3662126880966,89.83228517652549,76.67882727651717
158.8496246574027,162.49293077225923,175.6287726715943,475.6456800493603,512.318207688293,93.15662739739987,200.1940391120345
19.58792578985078,11.89751527380537,10.1665239795257,122.70430538030914,307.4017611917116,7.883536301045941,8.740078503097525
40.18646501015645,35.847587808579156,39.519696702218184,248.9301659632254,378.67261363873513,52.120269911072384,37.666818313808335
8.335550565267939,9.418929875528177,9.170899841231783,96.04552325903127,322.3291942790483,7.015932148589596,10.363111675206964
14.759170443277087,8.380569927665809,9.477470303787266,140.04826531669767,324.0197372648879,8.916908533540877,13.883217980688764
163.4622241261275,44.072566642262366,52.056595277422375,92.85990149404789,474.71064571376206,69.61764126102612,63.43022217170257
1124.4732600775571,993.7030016227916,996.1399729367636,999.827697764783,1033.089680851698,1084.7990399189744,999.6049665727871
7.13630007915946,10.672635056809392,9.182549553726021,135.34198879335545,323.0395590836848,8.637331051606246,9.539386539364047
49.187865604548364,83.24362976367327,40.547947988842274,254.46342162171797,382.8721549294516,40.36871013329068,47.074645548848004
314.31792929922227,27.583840356773408,35.816769970817504,196.33336980818945,506.67208406977005,36.902166317623525,47.829896376432366
22.12024821123043,16.624934118324067,20.64374834216308,207.9774998591108,339.29582649152366,25.267723189162332,28.8862252576322
116.01279632743332,159.42147033967197,140.78080951322332,196.67261302298527,455.1194234939342,143.9217512569706,166.87660454385664
9.882185292916398,9.603092338661796,10.527420646936298,7.75561672237402,352.62156093985305,10.243075009630829,12.21087749177941
86.08768597357297,128.91904759552327,105.87014294853083,129.90250419117638,448.43717246572265,99.85120541069791,113.22120793521376
11.599762439844689,10.850160034074587,12.01845193704061,196.5631935787446,315.75829116189385,10.96431348381463,13.918773168337786
405.17485454984046,386.6415872384671,418.45849528544227,566.1712225399623,656.3534060098813,536.3562701097691,489.73671063423416
15.48425701207369,9.016747903014831,8.57852296949495,73.70265478878774,308.27132552307586,11.757431856068957,13.867110835763613
204.7966092179345,225.77416355167097,336.1331826751878,759.419224031889,781.6393962079052,521.2881975488292,444.3171909640399
94.82659812088278,32.86406830022273,24.75127537891274,174.86613121574484,335.14679778839417,16.006722921339406,20.81106735305543
567.1330098031826,357.4680365308793,319.40334588329534,342.170894593188,619.5104146730787,277.3535233385396,334.4202327250119
37.50253431786232,8.81195096968306,10.098412297717742,135.15763122308866,306.6446458632319,9.528068467408888,11.534588854150831
551.1379704626762,706.1639784446995,695.330169544847,826.8399217480445,874.6040286588031,771.233643941273,754.6678761600307
48.22021254272486,32.461220902460504,73.05901238011076,101.53953867645653,355.53291655003324,42.482962270778025,49.97916147960864
12.810265489513469,50.40323173986291,337.8444634626855,4.376112086965053,6.925790174529393,1014.801001880369,592.0462221366838
20.591437972477436,20.251455616550377,346.30362707248906,5.002572397548868,8.995551766448,916.4390596363244,669.9165446667452
10.037746631438196,8.539283804706177,80.18179654876356,5.8203885189606686,5.90966629146902,701.8136077660286,173.01186027397685
25.96445777327143,38.23800488533575,309.56922328324686,263.6304190200454,12.3624267717284,1102.9551181796999,601.1764306322806
28.451250530323062,317.26308910135094,324.858643104975,3.8576299021168783,9.576031463694342,854.015473288944,485.18942450802894
30.539871841238547,158.4145341822637,526.5765177176919,5.928629414167743,13.614361011042604,1090.3117466656793,810.2638551048128
118.40684068180609,176.74071859390844,668.6935204473721,19.39668970208304,55.744345117574696,1735.1962515614523,1151.1771861364025
14.601995365019897,37.75292559760401,311.25412223910325,3.394733710349794,8.076382388026326,936.3565901907023,541.4578119971102
10.671160293632674,21.101667885182252,106.70612111834465,13.998802439038435,6.435083153488205,688.4021757488571,185.86879092589106
57.059176553628966,84.23564362888602,170.6145641562322,5.453169859884922,10.144083017051642,596.0635830969527,324.9450800558512
19.262525282863333,14.935915074617615,153.08172648407748,8.01114121084861,158.28175521979398,705.3473568757213,331.95242288435844
8.473554058622048,39.5539498575341,113.18958039398254,2.3650292325180877,4.369301191309462,497.7665402884364,196.21856808417198
110.65759903305354,123.56195308064663,317.8182323259409,387.52870117004653,485.08976667401794,849.1203453223565,543.3148436950511
162.27706511672562,255.15166343034426,390.2147270792792,108.53237625002973,120.82083344333319,682.5722387725029,508.50375997515744
10.513688834428997,16.76006469579562,23.564184127562033,4.539675833059129,6.634223065802942,552.9630909582074,916.9604587985115
187.10155255814863,700.5434048728496,737.8431566244458,600.5549768724052,153.06686962763325,995.9942522763628,911.4612000556688
9.930532063096996,21.630990092611626,99.08551178662111,159.92009589519392,5.747324423578595,537.4824793497238,141.47021861043183
1123.5509780815619,1343.7629416430036,1423.4983325702146,829.3036840935756,953.8759419310273,1501.702728226018,1445.6382230829233
469.66557220239946,525.491537656443,532.2605299009768,289.6432399814552,245.67212176362062,825.7865666173558,601.5422096030871
1140.7033423947564,1287.9098414856903,1375.7246220366526,825.2932121852444,948.0032686689938,1426.4030603300744,1423.3143721851163
1412.4076945422428,1483.9234381813949,1551.1639266008892,1098.20605931883,1150.6218741580367,1587.5475202527023,1586.2344797451487
20.139023856930905,44.87085897486064,382.37836092090356,8.520776823491873,9.058717590914922,700.1494766758684,591.3333845000358
48.69914829239925,132.1301404431714,243.80510548579917,2.3176766828752338,4.570419986430088,502.36948104614703,385.32866422250333
48.70639624383978,319.6422725424098,287.5171468134937,9.965048782815634,21.235595335717775,751.0156530372275,457.8698741549987
5.863991194121413,11.554824414370051,141.51974909877077,2.6170096876322235,2.5034729529670594,425.62125886720503,263.38674036618636
114.3272194015601,156.1183790456455,318.12165442726456,65.71994337113493,65.93760521825858,525.6083422304526,407.95638175722684
310.6206810720518,447.9165094488827,574.6869224978944,237.61110970266577,350.2901595709886,793.5755960445704,649.5769333223036
334.00231866160954,538.5993461874577,578.0354287196003,315.660807938593,442.0215691750735,915.7661961518684,699.1929589464528
624.1747999962719,596.6635276492547,690.7465590780439,303.5851425800554,275.38554351728493,836.9327232466318,769.5249755404689
105.00285675211505,169.12463215662856,330.1816897565094,21.83724633514408,57.810400560568674,541.014216073819,482.20460720886996
13.627483909320977,119.64872446864882,262.63982447455254,2.6170096876322235,6.611619858502635,433.7420732482261,376.62704921497505
306.18046231275184,493.2444642219534,619.8163665273273,214.6846708631388,364.3177253622914,804.2008243020224,722.8549169440303
1011.7444280766091,1108.4689089690744,1126.9756078574533,478.9911908877869,688.4754202574013,1188.8601699751177,1162.8866241190708
6.216866908716719,18.913250859884553,142.1228688075392,61.07441765869743,153.47965289617824,476.83051902318465,251.07616632559174
615.2198211827692,537.97727103573,622.4529978190047,390.5860765240644,356.7273488493396,810.9245958813882,676.9540824449776
11.945716321164662,34.09834935171913,148.41026451790893,8.465189712242818,5.727501544828422,343.86912810019555,224.27971316882665
541.5706111217735,333.0287087719694,351.5331889276664,328.3533919077587,232.7027510973827,671.4995342175457,454.173544301019
70.9092623785748,79.44111114646977,275.33833116696513,33.72697825203153,284.0963727223822,631.4560794002205,484.5061333768075
83.59451755682969,79.93686657976947,151.19742743718655,73.86327738041504,83.23653776851168,415.1521022927804,244.6824491560643
2.1311034059459346,10.068085215101158,98.53067082975623,1.4720676581035517,2.1698419500168535,310.99018525794867,193.7373382658629
16.672550324327737,109.31349459417966,226.91537927543612,3.8576299021168783,7.032672068603832,421.56087962649445,359.6182988792407
177.50715217303133,284.5857506530173,379.3016496400008,227.31642649508774,190.14586164613246,566.8280364296775,497.7917420964813
47.94911616206648,51.092541039572644,151.5048533694298,30.617514161599896,18.32608204715009,360.40456515951286,250.82730468112513
703.2933744817232,868.2470324135751,919.1697686628501,800.9112108717432,725.4471017015443,1095.6261216318032,994.6187118497377
25.327883044727958,45.90278578004124,130.10935861432992,55.19126189927113,46.07620832610832,317.88464626572573,192.7994481677948
3.269713755658625,10.924007565908123,106.68614076055752,12.665439323682765,5.236074441273733,287.1473568461109,211.9592292077573
735.6776021544213,982.1998257347867,974.654485098318,746.5545316497745,517.9617620925519,1043.2755872936855,972.9858206418124
79.09180305868635,117.49452392402301,251.8494691085795,257.259092000204,12.652826837814754,389.23433663083676,324.237965644968
6.7214718255825785,141.7846287609779,143.20647926411758,3.1076992486625072,4.260253314841256,333.9194744577965,139.32805467715474
179.61505311407788,288.6157420097899,418.82458199627615,220.55391363131736,133.42458427430455,540.3479487421555,511.17721123812186
60.068253995310855,162.4862408907019,251.18542288744428,14.353448044809427,26.18351347224637,384.00213407662187,309.19417069302676
50.80676772110867,77.02121835097194,210.31423926577958,55.42297611913,52.04626513149075,459.77082756584696,231.7210061991725
981.1941065767154,642.2675280613217,824.484257554171,911.3203202317866,876.9343977540793,1135.7970275369878,977.4233223289609
138.45174822399744,87.80565113707696,207.03125309889103,59.79022411592537,67.95096309457024,377.7282424775587,313.4535757439348
322.50551341162725,304.7012352652464,370.15215108976764,168.3567357975462,279.0932637917129,608.8618524024021,504.6665485490242
150.2538714459309,330.0608828203489,402.0897792125453,69.58578696238935,240.5679188395379,558.978894104356,479.13763483641594
120.15088494462793,125.46477168494974,250.0279898584438,294.27406551239864,338.3515026129539,537.8602488461062,331.8380993352124
56.9945397350384,258.1545819185548,477.7184518287759,434.6042999899087,412.1283941805679,718.7466586797062,544.4859904845764
8.920014782982607,16.202194173318347,85.9585951858033,1.7991939389430776,3.3792106746604915,254.052250250903,165.3495746073841
46.843089874136226,58.61624758985904,135.47664914939915,57.33385062429734,27.248825550217198,287.78947555060097,197.84172283958736
410.5190530382596,249.60565101961046,358.15363198442043,84.47668914788441,81.24384830337894,459.6183055074156,431.0064902693377
472.55070095153076,473.99618275234906,529.3769025902392,277.49749083674396,290.70101971616725,663.2610511786547,567.0968484675394
63.79039822198631,154.5293225930285,268.9756230866218,83.90876120296562,187.11647128598437,436.7700986772781,368.42642791110273
233.2885442284169,77.98878648357676,319.120501610652,430.7199216464906,507.80483228732265,668.3795539465954,513.8246683426862
667.6860446568353,636.1912377457933,723.9736380190998,715.5520695305916,671.5071822860109,941.2792766600594,833.4385776951543
262.48944625267325,357.2064101854651,393.1679093132029,113.33235226693574,42.775725717114916,467.01155864544114,434.3892550151542
875.410683518095,1151.0213844602627,1198.9015438466581,620.7639157103322,842.2030252694874,1218.4245739888293,1277.223254923986
2.3806001577934666,5.950434298947124,76.36790705754348,2.1263201266019394,1.1769052436122474,249.40391901804253,138.9914979896256
12.439216369323152,134.8542048834611,184.18542490867458,3.5983889960541187,8.372696521545604,297.588899018166,215.38254991545946
148.37479642038545,207.6791908359544,295.8293170648819,167.44933205889518,106.98117585421917,416.07427799296073,331.44720019614715
232.53986415029487,294.2173693005377,366.36803427149096,325.75609347134923,242.11320946179828,536.2065150815346,449.8312229595959
63.631859196630906,35.24652961557847,88.38421838052408,88.732507979886,169.6384736772822,342.6163901157807,155.8213763752843
69.85606525092552,79.89428774715094,121.27547988287336,48.32532893510717,17.55673140922254,276.6579366667087,172.25071353709157
6.988874348056722,7.107845635274879,59.25551042876587,11.708653560535058,15.578539653152038,226.7405022904007,110.37283882273285
2.5997748589618572,14.03856345260634,12.027232625343858,14.68057479155227,2.9057117977074656,241.78499919506652,41.12489422624779
201.66842826787067,338.70397505970897,447.9253252064946,254.31533443840726,231.3245052811211,565.6353066657962,594.7544074594628
2.0580450070163665,1.13843296286615,2.5504730306424443,0.9813784697959225,6.120190962806301,201.3519940406719,4.08665103182241
633.7568772779553,547.1504567470599,608.6839784734875,415.0472500929472,428.96922665175003,755.9114517990142,708.3938760638148
159.1477263976133,130.56592373874275,189.71977451293105,107.81365962800037,64.47007920631624,332.68523924096115,251.17560384910297
2.466072854294318,12.541143916114368,67.29674702856046,0.9813784697959225,1.304925806833603,223.39127776010383,112.09663636225775
3.0078024584296523,2.0292440310334463,5.359718367436049,127.16421521079816,67.25779138003203,260.46186607861614,20.458355944524897
59.88501325361272,105.58984615954655,159.00308203978688,45.76070485748305,111.90949082856345,332.56580974569323,228.01390653119182
16.690432305179378,165.0249419586687,214.96403709255327,14.16209372487206,15.089151648362558,301.1452315662339,260.7127816250753
69.77589370928027,170.0032533677759,246.87334354312782,74.96520656334805,125.8980366782288,371.5572620419817,325.10160887085954
73.53655754659289,135.96262939441925,247.3389828715962,315.1070792359206,278.9720748724474,451.62410372025454,322.90916231121946
728.8917433028854,820.3272934522108,865.7320340631526,817.209579399874,715.0673384377222,1004.1569354577377,895.0719677640612
6.539421068253195,19.693357696783323,105.73544817927764,2.808366243905518,3.812075607209377,199.02317478254682,533.2315912400628
228.0437552796679,392.266117732742,509.13036764056557,101.88969521057653,148.42612313557413,527.6944594005462,694.546432649349
10.189003011931241,29.43663574898066,191.36308328714122,4.416204744743264,5.675232658427908,78.27957075689892,391.97682529611035
146.4003561169146,405.88581118592384,437.9330978412924,95.08364237719634,97.01550340548738,412.0416529036195,583.3112263443987
59.816344068164916,185.96559579606836,318.73501649419956,40.4435836118906,71.2244517492298,272.81970243615245,427.3224244705685
2237.946381967083,2143.7622503354733,2125.5813198917567,1626.3631015272488,1527.1981236542551,1931.855292513613,2042.1597258354502
10.009085900044383,78.4003567156252,170.3679405865598,12.526465954720313,6.786603851994677,78.87503425779055,274.3469150585699
79.16207805394455,191.99391681050545,411.8641547232886,210.0708534123662,256.1195562960084,303.92332988396225,565.9619017858076
1870.4863458270777,1824.8674337324744,1814.0704869120596,1383.6559368580554,1300.703259462144,1542.330110264298,1749.8267139171764
183.51684582643117,269.69154254675516,350.17958370232634,40.40349356317097,100.02326189910747,405.3541881144136,401.43291934154166
32.41749767299215,333.0920195307674,330.8222716662084,7.7152612951243755,8.932647594661445,376.72632599806644,372.1900831992035
233.68513563699887,276.031689168217,320.3178332803287,133.95125024345438,167.78581785925456,464.1755203923769,451.10118702156444
4.6617704554840005,2.3714744633526563,71.66477137468092,2.154113495865139,2.2394748968287606,195.06857155981928,231.9928876162353
1117.5508796373995,1175.6862903306312,1165.2449066115844,787.0471208362808,793.8920707914982,1143.0437398737752,1182.8088628811308
65.60052651470932,226.33938309347175,225.51107437717138,17.24519737828578,15.398023676826075,277.87218777656614,290.07687685123017
11.031897537614586,54.76893275448324,128.92611018713222,32.11710561730676,26.66637951515649,129.88798899368723,206.08849646157364
4.577957095787232,3.354305722109206,21.506895918886308,3.1076992486625072,2.606688662875579,214.39216886485383,259.6037445220526
1234.9249348184796,1185.4103936565227,1244.2134880761507,921.9843149361456,910.615603908182,1177.095875569725,1267.903362374467
13.876979174307575,21.647427668129794,71.18871898207647,5.656825518311901,3.3108157392978765,88.30491245761425,169.57799529811672
402.9026772827085,347.98118088427583,422.24137060575936,250.31347391428602,211.02291825665668,500.7353121415539,555.6220909344621
107.11486539430622,301.5242624902026,310.4005613544367,3.039814526150387,8.922210161713156,346.27717106633304,327.5786942843044
71.16715939908791,265.2384790563093,253.22902164127493,4.252641744094497,9.163765765656825,173.58139421407694,277.742113018979
403.6222386762685,464.0301706266858,524.905461464085,133.775396713273,207.475200388414,451.4571316152392,555.3985186176365
82.62206292542494,328.44857106517554,359.20456000721265,127.35234175254745,175.41055761299,447.8602439074161,440.16768312511
690.4198073747393,816.6926925387578,861.4078345950056,551.1823569137357,504.8716612953099,855.7594849074158,887.7402618201595
101.9919038831731,106.57916059886776,177.7382328921812,40.733824233852026,74.9983579652271,281.6115076650317,261.6391265953073
382.96472063885244,471.3787121015346,532.5394944924966,110.08253275193873,170.18786115067783,534.0918332158727,538.7422964344352
658.6891323999876,725.2655184521745,737.0233955217292,494.97038955240345,355.2065804596544,776.0530838495444,772.6078488948509
93.9910536444242,25.68238823203654,113.11471030765706,1.962756939591845,3.849032076955226,236.12650629172293,190.21885130905042
321.417876619748,329.25994136172045,354.57908002172235,115.41797704322713,115.46906837336493,389.2017192142728,400.86882918832003
40.062809724830466,388.2834082456226,396.6648676534266,28.969322656209755,79.24943264741245,407.1461336398323,405.3018481518399
58.99741674952214,129.67681500650744,214.9678702175035,54.99158393701313,73.96056744809079,331.19965147300377,278.47637751070755
159.78242173393426,438.01182962080503,490.9192065207403,195.59400733288118,129.8529750073462,533.5976248528192,488.4712292958942
4.81634749206646,33.69551872057734,105.10740539897049,2.549124592397449,3.2575206725906694,225.00965502771444,173.9566859067157
