scenario,perturbation,severity,params,n_samples,MAE,RMSE,Pearson,CCC,mean_uncertainty_std,mean_interval_width,coverage90_clip,conformal_width90_clip,uncertainty_error_corr,AUROC_fail_gt0.10,n_fail_gt0.10,AUROC_fail_gt0.15,n_fail_gt0.15
baseline,none,0.0,{},500,0.07965721389053165,0.096232764245897,0.8519344346718086,0.8517479562485886,0.03711518613649969,0.11417518167270464,0.9524,0.28959708267613143,0.6224487105319889,0.7868266926967789,118,,0
gaussian_noise_low,gaussian,0.1,{'noise_std': 0.1},500,0.07971239440518565,0.09642753575383242,0.8519799401630945,0.8517202047965119,0.039571621446052446,0.12488173251946609,0.9548,0.28902653057098776,0.5527007911639028,0.7681436210847976,126,,0
gaussian_noise_medium,gaussian,0.5,{'noise_std': 0.5},500,0.081458705155724,0.09935330809426154,0.8430864668966619,0.8428009115066459,0.03871367751119688,0.11789547516659368,0.9396,0.28909713618831545,0.59790073837453,0.7855020796197266,126,0.752008032128514,2
gaussian_noise_high,gaussian,1.0,{'noise_std': 1.0},500,0.08649516477787185,0.10682783411450833,0.8143552942065522,0.8143449036216129,0.03729217418928711,0.11745577987770375,0.912,0.29058005019097116,0.42564774819899676,0.7305278964586426,169,0.7726343186465886,11
dropout_low,dropout,0.1,{'dropout_rate': 0.1},500,0.08224499752876276,0.10302367345199114,0.8340935482703227,0.8334213229574703,0.043859017743048026,0.12745342308328836,0.9256,0.28832397265198617,0.3623056167688658,0.6568816069840087,131,0.5186902347145754,7
dropout_medium,dropout,0.3,{'dropout_rate': 0.3},500,0.09437751735723271,0.11996687100550761,0.7753753733996495,0.7746754890226353,0.04814999672519625,0.1486814337540534,0.8612,0.28931275786741123,0.3068444403819463,0.6544500000000001,200,0.6861245694939,37
dropout_high,dropout,0.5,{'dropout_rate': 0.5},500,0.11021757569634753,0.14410347463040724,0.6838644090197884,0.6824315533378039,0.054685092585955865,0.1721845235836401,0.7928,0.28737588702687206,0.2552055951971982,0.6427525386633193,269,0.6301815011492431,93
low_depth_medium,low_depth,0.75,{'depth_fraction': 0.25},500,0.0810644467803029,0.09767073620698417,0.8465781372075185,0.8464734789489635,0.036091910634640956,0.11354856669193504,0.95,0.28986397514340667,0.6085316406212061,0.810453198814957,138,,0
low_depth_high,low_depth,0.9,{'depth_fraction': 0.1},500,0.08054085348431665,0.09751771177251807,0.8489948316873657,0.8486881662515171,0.03957271855944856,0.12174660605760292,0.9508,0.2888001140378008,0.6465646928814239,0.8116179435483871,128,,0
