Monocyte,NK,B,DC,T_cell
0.4011194544243936,0.0,0.1804370710815354,0.0,0.41844347449407104
0.17878268177565207,0.012021792831790657,0.2548484192008631,0.0037653166895184314,0.5505817895021758
0.07786975382602043,0.05858208686413305,0.35981328765497667,0.18020961280338488,0.323525258851485
0.0,0.00475890793005319,0.19613381275636765,0.0,0.7991072793135792
0.5272247861475172,0.009113386586530513,0.235960978855423,0.0,0.22770084841052937
0.5500582042454889,0.09035773008567996,0.14444618501218998,0.0,0.21513788065664105
0.0,0.03739289610744959,0.20456579686942875,0.0,0.7580413070231216
0.007111453833371516,0.0,0.36233445093174,0.0,0.6305540952348884
0.3674232053815037,0.0,0.13638023868568397,0.0,0.49619655593281237
0.1370104866403265,0.021054436009818885,0.6596217405091084,0.0,0.18231333684074627
0.5042244828621812,0.0,0.11620872217386294,0.0,0.3795667949639559
0.18686801790365243,0.04132371132928097,0.24734436427341824,0.0,0.5244639064936483
0.24163949834245846,0.061698701767507316,0.27478255926661843,0.1300156402873305,0.29186360033608527
0.35222298236445054,0.001138632600194303,0.1747734858492579,0.0,0.47186489918609736
0.3377571189861108,0.056583246149458234,0.20926408281145825,0.0,0.39639555205297267
0.22825140153165774,0.03509199217229169,0.41104331468682737,0.08031513214053979,0.24529815946868344
0.37313103715334145,0.0,0.2776276930634726,0.0,0.3492412697831859
0.08628712465056691,0.0,0.2600040644659943,0.113257712081984,0.5404510988014548
0.40208909092376244,0.011555844656776981,0.2870011540489084,0.0,0.29935391037055215
0.07468750771394769,0.0,0.2694170098669422,0.0,0.6558954824191101
0.4557141672621139,0.11790203802956274,0.15782999346391854,0.0,0.26855380124440487
0.21897556947102223,0.04847429347092021,0.35334981869183424,0.0,0.37920031836622325
0.5935266288752783,0.12516768238770098,0.10875568617537218,0.0,0.1725500025616484
0.20288969215501046,0.14148548282782103,0.20583654920560215,0.0,0.4497882758115663
0.4691227510171302,0.06943949881979358,0.13494595518168778,0.0,0.32649179498138853
0.0,0.040353674732722465,0.4683491754312659,0.0,0.4912971498360115
0.10009573020821783,0.012847183263338101,0.27083751027350716,0.36381895525318964,0.25240062100174726
0.422718104481916,0.0,0.16900798613391274,0.0,0.40827390938417135
0.3535926053345615,0.0,0.12420935419499703,0.0,0.5221980404704415
0.0474285881490787,0.05529862090299395,0.2503975423583849,0.0,0.6468752485895425
0.0,0.11365774636934392,0.3328828325574032,0.0,0.5534594210732529
0.19566965067403294,0.15652202079854874,0.22386341250043515,0.0,0.4239449160269832
0.04649448792311992,0.08826129451701777,0.2261861176798271,0.0,0.6390580998800351
0.24550027454646706,0.0,0.2564028478410049,0.0,0.498096877612528
0.0922814123734725,0.10438973610617287,0.2385262265487606,0.14001844663287444,0.42478417833871956
0.21618431952332887,0.05004989606870478,0.43028379691050334,0.0,0.3034819874974631
0.0,0.2413008847303753,0.13958327135660148,0.0,0.6191158439130233
0.49929872962955857,0.06457978823975456,0.15940458500064347,0.0,0.27671689713004327
0.17383426766885673,0.3147532289418337,0.2461056745670828,0.0,0.2653068288222267
0.4533489657505414,0.03196141323869483,0.33002965505035564,0.0,0.18465996596040818
0.15997745121800092,0.12155088589943762,0.4869530309996879,0.0,0.2315186318828736
0.28160606725565335,0.06991912921401591,0.20835874737130028,0.0,0.4401160561590305
0.071696896359133,0.09427670666498456,0.43301136945034574,0.0,0.40101502752553675
0.5105332758633033,0.01664896087143649,0.2137691829434891,0.0,0.25904858032177114
0.0671880443642814,0.045579002511372556,0.26809205240017386,0.0,0.6191409007241722
0.3013682265260051,0.0,0.2767993488763563,0.0,0.42183242459763864
0.11982851954011982,0.06074444077484642,0.32632844725966537,0.0,0.4930985924253684
0.20062350556314704,0.11030358702452836,0.24923191232784755,0.0,0.43984099508447705
0.13361984555326512,0.06342695156399974,0.4195265446737979,0.0,0.3834266582089372
0.14797732671135444,0.0,0.20214623622491087,0.0,0.6498764370637347
0.07097908351949507,0.08105305781880473,0.549793357818007,0.03967665948673921,0.2584978413569541
0.4795828413980942,0.033559349735920944,0.15413447647232167,0.0,0.33272333239366314
0.09746462134711228,0.0,0.3033624364073702,0.0,0.5991729422455174
0.22062020076259256,0.1250628108004601,0.19612441051564974,0.0,0.45819257792129764
0.07945004504702576,0.0640285793520507,0.61066822615399,0.05408606476110605,0.19176708468582737
0.2628852553253186,0.0784161164405544,0.27354691565756367,0.0,0.3851517125765632
0.17585605162982776,0.028463477770949635,0.26538549054754135,0.170658746702428,0.35963623334925326
0.07916743934194012,0.060039831946762,0.23236569492414014,0.3712138498029188,0.25721318398423887
0.05048060101494412,0.10586160025807845,0.15515221875926,0.0,0.6885055799677174
0.35524939403305666,0.06869102569995307,0.2699296418667002,0.0,0.30612993840029
0.149044053926377,0.0,0.368149059430042,0.0,0.48280688664358096
0.5017827257106681,0.023541893953444835,0.18999760139800123,0.0,0.2846777789378859
0.2844096545918489,0.06989541748299842,0.2416406301992195,0.0,0.4040542977259332
0.054400387710525966,0.0,0.24736565603575544,0.071422275746394,0.6268116805073246
0.4212249758759471,0.03627353562194696,0.20556386404245508,0.05211177499600899,0.28482584946364187
0.0061834494047895506,0.0,0.2503491661219706,0.0,0.7434673844732399
0.24686775662324406,0.05060637332719662,0.278081169620719,0.0,0.4244447004288404
0.3608922046328586,0.0,0.17429535999161117,0.0,0.46481243537553024
0.19332978046897967,0.012812030525992057,0.2440678564561929,0.0,0.5497903325488354
0.40737350218457247,0.07536332956053006,0.14343029101613985,0.0,0.3738328772387575
0.4239681474190348,0.08770477161009121,0.1413138332923782,0.0,0.3470132476784957
0.28900320405906005,0.009565423999950935,0.309753098658229,0.0,0.39167827328276006
0.30268643155263,0.05395110036303969,0.2534806937741843,0.14463561053012394,0.24524616378002204
0.16616036998260048,0.19379039091017577,0.21861503088792184,0.11043126445225432,0.3110029437670476
0.14776710017259873,0.0015413429063666194,0.42981020350545307,0.0,0.42088135341558164
0.1291677165409683,0.02977301780853308,0.3536895876885771,0.04995595163283729,0.4374137263290842
0.43403169462789004,0.06530932893000799,0.24582417436290036,0.0,0.2548348020792016
0.39664330279830906,0.008343908150851242,0.22371682393171485,0.0,0.3712959651191249
0.0,0.04201633613055993,0.7241461049192381,0.0,0.233837558950202
0.4533961428382212,0.0696218474483848,0.118825103112272,0.0,0.3581569066011219
0.06990692037725095,0.0,0.29354671443842073,0.07358454743174749,0.5629618177525808
0.04939812608982048,0.07748818210079664,0.45227991356631686,0.0,0.420833778243066
0.10581342118401635,0.0,0.5314658217948011,0.0,0.36272075702118256
0.6953560955078302,0.12193011872555935,0.056304872465177166,0.0,0.12640891330143314
0.13194882508761627,0.0,0.24051250044326664,0.3141197896227796,0.3134188848463375
0.28502326570936776,0.0,0.23567803384078245,0.0,0.47929870044984973
0.4109191704740135,0.047697405401296356,0.1491731757375375,0.0,0.39221024838715274
0.09130727551671255,0.011337464756662778,0.40786584503459017,0.23726751700311952,0.25222189768891506
0.06152257697780032,0.00031339145374797024,0.30809864283321853,0.3874076123768497,0.2426577763583835
0.5002906238336762,0.029396989923819943,0.05239111454859604,0.0,0.4179212716939078
0.16629392401952353,0.12770414244457437,0.21799184723462733,0.0,0.4880100863012748
0.7590020304943863,0.05097559774768172,0.006360143329358119,0.0,0.18366222842857385
0.24446339187964924,0.00948692045010579,0.20584348352846202,0.060840512552525386,0.47936569158925757
0.2625932103312402,0.1089227115876424,0.29892658704166847,0.0,0.329557491039449
0.060471646890240545,0.0,0.6349358191281905,0.0,0.30459253398156905
0.19568714752011276,0.019589007096264197,0.3596624607010219,0.06696275276021244,0.35809863192238856
0.17476860356380247,0.276964194845601,0.14045605818381665,0.0,0.4078111434067799
0.31871652208840967,0.07844816575779988,0.2501764415839342,0.0,0.3526588705698563
0.08685179600914766,0.2033343154193518,0.4453079110168241,0.0,0.2645059775546765
0.2961052670671099,0.0,0.27568847899290616,0.009947626787403067,0.418258627152581
0.14920262260969389,0.0,0.25887226752225523,0.12211921581196597,0.469805894056085
0.18573371702076782,0.004686243791833753,0.42155949932362874,0.07311342007661326,0.3149071197871564
0.2380851466180584,0.2855173615538361,0.21682128642285423,0.0,0.2595762054052511
0.27952465595364173,0.03676719218263508,0.2616130088100691,0.1905957191016273,0.23149942395202674
0.19884442494191246,0.0,0.34305872602422255,0.14254261069871035,0.31555423833515467
0.2444785616724721,0.01944885620769306,0.29450730752386817,0.0,0.4415652745959667
0.1563282310514116,0.0,0.27745877736775415,0.12607332553386677,0.4401396660469676
0.2884138219655478,0.02847060914791801,0.4210300805600224,0.0,0.26208548832651185
0.04215121628695313,0.03851897304604595,0.6057532445249961,0.0,0.31357656614200474
0.3524122477593246,0.04855115236691417,0.28930688850901215,0.0,0.30972971136474914
0.28880053638161535,0.08489953835582743,0.11273582947648983,0.0,0.5135640957860673
0.14006548206090044,0.0,0.345544971657045,0.1890599769113182,0.32532956937073637
0.2388773048891586,0.0025004537280224554,0.2809008919834843,0.0,0.4777213493993347
0.061363725610069045,0.0,0.2456812610823079,0.07521096532700876,0.6177440479806142
0.45635417099267167,0.021665475448826663,0.12393761991994685,0.0,0.39804273363855497
0.03446042915643108,0.030432544207801598,0.28115167067128777,0.0,0.6539553559644796
0.1035257444409726,0.020740072191786668,0.22368789562345914,0.3735346484972184,0.278511639246563
0.06343358752872297,0.0,0.3012160397293359,0.5037205250627695,0.13162984767917152
0.32814441276716216,0.0,0.24165903960290572,0.1493357494474323,0.28086079818249987
0.2027384885231158,0.11653618821358161,0.2966616695398588,0.0,0.38406365372344387
0.6991642704420158,0.01720801674522098,0.009465232120428744,0.0,0.27416248069233445
0.22865620193067335,0.0,0.2605629282035506,0.21701383210735486,0.2937670377584211
0.1609360173285022,0.04120210859001021,0.20782717856245014,0.3928857581340579,0.1971489373849795
0.5315303103433187,0.010946818376747615,0.1636968740903347,0.0,0.293825997189599
0.020774307678550246,0.07266092174469282,0.3300109840555449,0.0,0.5765537865212121
0.3614364233408797,0.11731378423438034,0.18541548767317517,0.0,0.33583430475156484
0.12634709529643653,0.33910119639031044,0.11330514636773548,0.0,0.4212465619455174
0.3285818564391187,0.009216482547158985,0.27727532096885565,0.11480165737665458,0.27012468266821205
0.16257326130516195,0.006084093701411041,0.18576199091717824,0.0,0.6455806540762487
0.14230560131054387,0.0,0.22616420230964027,0.2516620276162658,0.37986816876355006
0.14068991393557387,0.2615992486248061,0.16923276036105533,0.0,0.42847807707856467
0.23027701325009686,0.0,0.2991640125066331,0.23580799703011585,0.23475097721315427
0.210635245846651,0.004609807148422175,0.3301335574332754,0.0,0.45462138957165155
0.33411300319602977,0.0,0.26162102949072447,0.006913453485881425,0.3973525138273644
0.08474043716589025,0.04430365769703018,0.20435507939358083,0.0,0.6666008257434988
0.07181046377733304,0.007669658080904302,0.46794565836648355,0.11293878110753175,0.3396354386677473
0.19864505519931194,0.11685901182970206,0.394322974100808,0.07425681181917626,0.21591614705100176
0.5133675349497976,0.12073524537835106,0.09506065971078217,0.0,0.2708365599610692
0.5916990116995725,0.014481570598591552,0.15455191741146085,0.0,0.23926750029037513
0.0295071930641601,0.14798146536582696,0.2734253002513603,0.0,0.5490860413186527
0.19898439770318807,0.024962827184279567,0.3041665461881048,0.3348163053083654,0.13706992361606216
0.2831154835598895,0.06928230940458906,0.2660672926778427,0.0,0.3815349143576788
0.17373737805384265,0.09885403816827333,0.2237633131934617,0.163636150161386,0.3400091204230364
0.025011593055440703,0.0,0.17478936545965104,0.0,0.8001990414849083
0.034590560068583916,0.0,0.4500038226974025,0.02649907874071507,0.4889065384932985
0.0037307190705340265,0.0,0.2679899595586384,0.0,0.7282793213708276
0.1780622513370301,0.06357439627666552,0.3127808639429186,0.060543674399247085,0.3850388140441386
0.21981428111827492,0.0,0.24285033377733384,0.08071503947334568,0.45662034563104553
0.15594396590025322,0.1753923901852947,0.28496437251149276,0.0,0.38369927140295934
0.08946161270019613,0.05452863901954286,0.23904571535375427,0.26223062976952544,0.3547334031569813
0.04411494281683917,0.0,0.20383873514276613,0.0,0.7520463220403947
0.10277758595119202,0.0,0.24491996005413388,0.08584747369382643,0.5664549803008477
0.05809629960142045,0.07383570871210247,0.3485701579480098,0.0,0.5194978337384673
0.32867780099154736,0.043042954237515606,0.24602153125342963,0.07310760660123532,0.3091501069162721
0.026634204591885428,0.08161839499692256,0.4355027475150348,0.0,0.4562446528961572
0.31761505500663123,0.040113492923108014,0.20209494296099623,0.192633792392995,0.24754271671626943
0.03954676030800981,0.024380993658394207,0.4171583333194763,0.0,0.5189139127141197
0.13870999153794875,0.04746154552218836,0.26898603229290874,0.0,0.5448424306469541
0.25749988212664343,0.0,0.41397569801841533,0.0,0.3285244198549413
0.20378629399354384,0.0,0.21801270133649756,0.09979209038022348,0.4784089142897351
0.15228073279345392,0.08411767238387445,0.1883893105908062,0.0,0.5752122842318655
0.03147042035243803,0.0,0.2898080846901003,0.1060506628654563,0.5726708320920054
0.47441773244473945,0.13746690374859344,0.045789405076997386,0.0,0.34232595872966964
0.07340771555956076,0.0793019426846043,0.2968723588054105,0.0,0.5504179829504244
0.022586154440910652,0.002496223649024513,0.3813032665070367,0.11576577195429844,0.47784858344872966
0.21443910972873811,0.07226147787181293,0.37187271124866217,0.0,0.34142670115078677
0.17176775775209394,0.11797898186986425,0.21617815827704917,0.17019575453802158,0.3238793475629712
0.1066134872297602,0.08279870037504353,0.20267304267985692,0.0,0.6079147697153394
0.012871025311674318,0.20958076168569173,0.16766584505297047,0.0,0.6098823679496634
0.3080412762409679,0.11452299765638871,0.145829189439574,0.0,0.4316065366630694
0.4480170719086003,0.017874123347512077,0.07799701025355107,0.0,0.4561117944903365
0.12181309928513763,0.0,0.3868057351444485,0.23655640645063508,0.25482475911977875
0.11953684663011131,0.0,0.2855844280601485,0.03909733403784715,0.5557813912718931
0.22591801533425535,0.029499328986719794,0.2850238790763303,0.058012135469670614,0.40154664113302385
0.31042238955777846,0.05382362614338584,0.25049952208096343,0.0,0.3852544622178724
0.30321204987647565,0.0,0.30131690829585683,0.0,0.39547104182766757
0.2810402315230331,0.11128446062917122,0.23798986175787132,0.054993692808116355,0.31469175328180804
0.31282684552102485,0.1481895937360562,0.22859421095523183,0.0,0.3103893497876872
0.05521925971218655,0.02312709751883963,0.2988348758165447,0.22550888587940357,0.3973098810730255
0.221551796411148,0.0,0.3953402299461561,0.04559874956992905,0.33750922407276684
0.12178438854118319,0.1204422264895454,0.3364552675549219,0.1367674171109857,0.2845507003033639
0.18034704437348398,0.04183900797088762,0.2117950116158274,0.0,0.5660189360398009
0.23698616743234063,0.034402035075289036,0.4043046080479062,0.0,0.32430718944446413
0.5305060474695892,0.026484559182132366,0.17715954817559276,0.0,0.26584984517268573
0.3898319918999382,0.1947597299957772,0.17469830764449537,0.0,0.24070997045978926
0.382572601694366,0.017800944699932396,0.33918653264758597,0.09942009595459275,0.16101982500352288
0.2503261008014215,0.11036762399073081,0.6236282870284938,0.0,0.015677988179353904
0.39599225431095253,0.06127597738440211,0.10654720796009806,0.0,0.43618456034454733
0.09750284001236288,0.0,0.37542712332065875,0.0,0.5270700366669783
0.14992523119426543,0.140920546425297,0.5076489327208903,0.0,0.20150528965954737
0.47912608914956767,0.0019092849930627178,0.2160748933096685,0.0,0.3028897325477011
0.010136265330811179,0.13700104357402357,0.3121116282874789,0.0,0.5407510628076864
0.06422384342440064,0.19109789501052438,0.5028913254648084,0.0,0.24178693610026653
0.3333055965694713,0.10929133636621075,0.1026621309040825,0.0,0.4547409361602354
0.26530259319704974,0.007431791024299659,0.3256305922170042,0.0,0.4016350235616466
0.12975322765135636,0.14479687279667938,0.21654595310640598,0.17688841130607874,0.33201553513947946
0.0,0.3051664997575648,0.170368488573216,0.0,0.5244650116692193
0.05438522256584022,0.0,0.3173550448925034,0.0,0.6282597325416565
0.34378639208089173,0.0,0.1260248149113016,0.0,0.5301887930078067
0.0,0.0033581509987889373,0.3525646546526897,0.0,0.6440771943485213
0.42841263739457397,0.006303899284893626,0.10589596839291805,0.0,0.4593874949276144
0.563908324424923,0.027532872769502975,0.17512055227914533,0.0,0.23343825052642866
0.08278885348176641,0.0,0.31936204002910396,0.3337462967244352,0.26410280976469436
0.43973031075971764,0.03298494975199876,0.18823987284954322,0.0,0.33904486663874045
0.11693459241849692,0.0,0.23483395940295848,0.0,0.6482314481785446
0.22612423541700677,0.09560965191309552,0.15921379670202535,0.0,0.5190523159678725
0.33042672858864425,0.02375223315458144,0.1450720579894423,0.0,0.5007489802673322
0.27323553390774286,0.03931715881889783,0.22859272938964276,0.0,0.4588545778837166
0.20607231722229483,0.02060968147766028,0.2993004147771302,0.22496294146095572,0.24905464506195904
0.12433773714490877,0.22792068377042576,0.23659818850982095,0.037555090383123636,0.37358830019172085
0.2679107125366155,0.0,0.26592972165078105,0.0,0.4661595658126034
0.15604665200336962,0.021873511621310654,0.6535771813487946,0.0,0.16850265502652523
0.41095834185143487,0.0,0.191550858916619,0.006375560921957545,0.3911152383099886
0.12389802527884544,0.09465198329417858,0.38056210188475365,0.1851189350698973,0.21576895447232514
0.0557084632478175,0.11114796442527325,0.5028935134192272,0.0,0.33025005890768205
0.19004213033769182,0.057156955744535845,0.30228262777512066,0.18684547725316172,0.2636728088894899
0.08254383889653817,0.016034665405738526,0.2327288858440956,0.0,0.6686926098536278
0.24080522424899992,0.0,0.33465589514738425,0.0,0.4245388806036158
0.19043898266681655,0.03364011141223586,0.2615324787077841,0.0,0.5143884272131635
0.21070064903449098,0.0,0.24994275846052763,0.041450598643341954,0.4979059938616394
0.42460245637989064,0.04359509268345091,0.21467515010724533,0.034267445534524266,0.28285985529488883
0.7554893041658066,0.05570984111942604,0.06718292188739583,0.0,0.12161793282737147
0.1116666836339997,0.0,0.3666067637006544,0.03849176324457011,0.48323478942077586
0.046623491662259514,0.24232684030954232,0.29236309049952913,0.0,0.4186865775286691
0.1954421348465237,0.0,0.18941771168775262,0.0,0.6151401534657236
0.08226062885167473,0.0,0.2868838002853121,0.41177184786484383,0.21908372299816925
0.32025807739444756,0.01066841192233366,0.19673594806209138,0.0,0.4723375626211274
0.11199942110770562,0.01960463887510387,0.3781840657151877,0.202830168440005,0.28738170586199774
0.25591926006600557,0.05918807695478607,0.3781334416294458,0.0,0.3067592213497627
0.41858334124896357,0.0034126748816871613,0.1263181387250712,0.0,0.451685845144278
0.37883549324020876,0.0,0.2090789747946858,0.15479200511816932,0.2572935268469362
0.2311025085520873,0.10595959376134963,0.08693212290916326,0.0,0.5760057747773999
0.40197993211527355,0.07447067571174514,0.065828337043361,0.0,0.4577210551296203
0.16391451600320853,0.134129651364312,0.31819151094834686,0.0,0.38376432168413255
0.2905120961346457,0.0,0.23809768892948033,0.0,0.47139021493587396
0.26296459289413565,0.017423598084338545,0.24458349065475,0.0,0.4750283183667758
0.23631267660997998,0.0,0.337652323819003,0.0,0.4260349995710171
0.21230089780470662,0.05696360849988474,0.20428219830557137,0.0,0.5264532953898373
0.14069009723624884,0.0,0.3409636619205685,0.2902687459855011,0.22807749485768158
0.13963481285967735,0.15622017815297773,0.19029214223225918,0.0,0.5138528667550857
0.32965320982567403,0.06895684225869755,0.37572356917340965,0.0,0.22566637874221857
0.6829321639975654,0.054164679415964485,0.10074569052032699,0.0,0.16215746606614315
0.34127074255274253,0.19304828163188878,0.11907893420357622,0.0,0.3466020416117926
0.21880994019570413,0.043641511286864755,0.41412531142162873,0.0,0.32342323709580234
0.5612452630775979,0.05694914579286597,0.16114264103642856,0.0,0.2206629500931075
0.14084151726928212,0.0,0.22327205219898888,0.4829063962698349,0.15298003426189413
0.28503345476918807,0.0,0.2225430847143731,0.0,0.49242346051643876
0.2128211681110782,0.09417832791220244,0.2315158575322664,0.0,0.461484646444453
0.22315790694884685,0.22327206839040462,0.10946435174624221,0.0,0.44410567291450637
0.27258881686833397,0.06524225324082827,0.2664263830780868,0.1263031327874411,0.2694394140253099
0.0928491212139626,0.054632050911166005,0.6778274110106556,0.08022801631103052,0.09446340055318526
0.23642576507441634,0.0,0.2240165588690375,0.05046030775678347,0.4890973682997626
0.21327937613556902,0.1599174448453805,0.25000091443725053,0.0,0.37680226458180005
0.4921397722306764,0.12139851664585688,0.0797874658814283,0.0,0.30667424524203835
0.21600533893537865,0.06001453457227568,0.396189008607785,0.12850045115110317,0.1992906667334574
0.04103299888149643,0.0,0.5037447345969955,0.3061875367808775,0.14903472974063037
0.2077995675650383,0.10709590070511826,0.2505696366570533,0.0,0.4345348950727901
0.0,0.0,0.2526890107279436,0.0,0.7473109892720564
0.46881889891766126,0.0,0.14732788439559383,0.0,0.38385321668674494
0.12821082755939192,0.05217355721979449,0.23573271517197508,0.3581904379245517,0.22569246212428684
0.08775891627710028,0.0,0.27661952803467704,0.45356235119462646,0.18205920449359622
0.41871642379519053,0.015402144047800312,0.10530113811663369,0.0,0.4605802940403754
0.1714126972633658,0.039030969234278935,0.3201920264682253,0.31396808602121146,0.15539622101291853
0.24937541065763644,0.0,0.3703824171828345,0.0,0.3802421721595291
0.07879357930546592,0.0,0.43170749196737085,0.0,0.48949892872716316
0.19449745058810675,0.0,0.4597851633366739,0.06799694158656192,0.2777204444886575
0.17465913158595664,0.07918451290171358,0.13556044543392534,0.0,0.6105959100784045
0.06680967081301813,0.0,0.3744500048723898,0.06349575014744854,0.49524457416714357
0.1488805284950666,0.30067000337207217,0.20991396297457848,0.0,0.3405355051582826
0.4444950919601704,0.07354171072979085,0.13795838437439017,0.0,0.34400481293564855
0.23907461414270012,0.0,0.23320977627122677,0.0,0.527715609586073
0.2332593539313442,0.0,0.21652958306758485,0.19468069307936955,0.35553036992170134
0.44955754164017087,0.06479917541489773,0.17676339890888793,0.0,0.3088798840360434
0.3165957039819783,0.0,0.32904504846340166,0.010809130572098154,0.3435501169825219
0.06602861005893533,0.06706542783143189,0.2755675330357752,0.22412381733879008,0.36721461173506753
0.256292647687271,0.009145481628757772,0.25619168589953056,0.06467878605693632,0.4136913987275044
0.27321268738058785,0.10614628742156557,0.27651542032782583,0.0,0.34412560487002075
0.14352622677252716,0.22834766305802687,0.4407519641759209,0.0,0.18737414599352512
0.0,0.006083623989351406,0.21694685103400096,0.0,0.7769695249766477
0.2001618000002272,0.024590903420786372,0.5707706281383893,0.0,0.20447666844059714
0.11575974734819855,0.034670611502473275,0.3021570931122055,0.046221065459204944,0.5011914825779179
0.09920530222892675,0.007113692842812763,0.5169762402834029,0.0,0.37670476464485747
0.10135619552748013,0.13875459363048157,0.1671671352781292,0.0,0.5927220755639091
0.14433370485233266,0.05637671248105475,0.2647465121131935,0.04795780125618039,0.4865852692972387
0.09247346425859677,0.1102175390741818,0.24851700786048825,0.29569735810037595,0.2530946307063573
0.16621253417081583,0.0,0.24993738053746328,0.0,0.5838500852917209
0.16954288814588175,0.11367234276639515,0.33519473413610573,0.08906648660889946,0.29252354834271804
0.0,0.0791392189109551,0.47375201094508373,0.0,0.44710877014396117
0.19015018972974831,0.10061436764539335,0.2825001674242019,0.2959456249934444,0.13078965020721206
0.08641498862498943,0.019192838322513252,0.2856102076273184,0.02988084927119471,0.5789011161539842
0.33792034655907166,0.0,0.2957645150733802,0.0,0.3663151383675481
0.14560711159094056,0.016991434370111556,0.4542315869949438,0.0,0.38316986704400413
0.18830410135409054,0.1895306296695994,0.2463879658703922,0.0,0.37577730310591795
0.04981356638146388,0.0,0.375602941929996,0.0,0.5745834916885402
0.048341582226605485,0.0,0.43652438299701424,0.0,0.5151340347763803
0.4024642722166343,0.11733457872908841,0.07613761778016792,0.0,0.4040635312741094
0.5256361787743714,0.030881276498083525,0.18736216408811454,0.0,0.25612038063943054
0.6037872511670399,0.07717448017241785,0.14353284741935532,0.0,0.1755054212411869
0.15002616531948218,0.13389912991717373,0.32907828797710775,0.0,0.38699641678623636
0.4072303215207045,0.07938489390525183,0.24176137053540256,0.0,0.271623414038641
0.1407968227159284,0.05866173172024062,0.23795989437459758,0.15977942936001666,0.40280212182921676
0.42288165297782004,0.08591625542983172,0.11753659379441785,0.0,0.3736654977979303
0.013130003036952173,0.05085334274372748,0.2657290272734373,0.0,0.6702876269458831
0.08357330590094492,0.0,0.49372292612205493,0.005009957131047822,0.41769381084595236
0.35259711669211474,0.0071161498539488105,0.23486055629982872,0.0,0.4054261771541079
0.16801009281987628,0.07896138577470468,0.25764374786755845,0.21265873728064766,0.282726036257213
0.0,0.23795879911423964,0.15581701721959582,0.0,0.6062241836661646
0.08727296254988802,0.07733962110585792,0.37588328479113775,0.0,0.45950413155311637
0.3351547427067065,0.02702711022598959,0.20555636617702766,0.11595495170252032,0.31630682918775593
0.055140743793976786,0.04819325557757689,0.24089036196423774,0.37330401480215375,0.2824716238620548
0.36179796192227104,0.0,0.293494233454976,0.0,0.3447078046227531
0.16712360165834084,0.0,0.2743606181970828,0.0,0.5585157801445764
0.16025910518780395,0.0,0.29735375806003844,0.18986167059251421,0.35252546615964336
0.19598761061903938,0.13201602700999968,0.3713313767297601,0.0,0.3006649856412008
0.14184466584880595,0.019876539503388756,0.2559579873014725,0.0,0.5823208073463327
0.17943799828369084,0.0,0.3424858365883314,0.12486757514140114,0.3532085899865766
0.06482854226750895,0.016248836205666205,0.3698978505066552,0.0,0.5490247710201697
0.06412639201644645,0.07895709816430084,0.2426684746427184,0.282784302852184,0.3314637323243504
0.4544883032165587,0.0448802755923745,0.08913060510884006,0.0,0.41150081608222666
0.12260334503328657,0.008284250460340235,0.24204110000349416,0.0,0.6270713045028791
0.16202739232372487,0.0,0.4011444948172556,0.1654542454833737,0.27137386737564584
0.6357554118967249,0.019612247548649896,0.05169605769490387,0.0,0.29293628285972134
0.2955005094451576,0.0418467699331111,0.2230389485061709,0.21960464636055035,0.22000912575501003
0.18349652106161923,0.08352005139982818,0.3962647966098707,0.0,0.336718630928682
0.051050792126049724,0.0029914146348044837,0.40104624159331337,0.11255998228955773,0.43235156935627467
0.14460725732530452,0.1939636531685734,0.2701984604563115,0.0,0.3912306290498106
0.09847195951902772,0.04546463685963229,0.42104412701029276,0.09504793610358064,0.3399713405074667
0.7128996468603428,0.056582562993360196,0.05037301587906508,0.0,0.18014477426723208
0.3495108603018499,0.031127620268729287,0.17268778536974932,0.0,0.4466737340596715
0.0,0.04614040388764052,0.6542283289483491,0.0,0.29963126716401023
0.26523421506645395,0.015386768861824308,0.2859142368388701,0.21287931772925664,0.22058546150359498
0.15809342365830117,0.01925346072195887,0.47364559098681397,0.10140595562193062,0.2476015690109953
0.20323791789593754,0.008277977699826675,0.19476449807791454,0.0,0.5937196063263213
0.17338304039319796,0.006079587050137406,0.13612656326051487,0.0,0.6844108092961497
0.4016421714403254,0.056736038752901584,0.10466033795441677,0.0,0.43696145185235624
0.223546629873497,0.0,0.30388732321988654,0.0,0.47256604690661647
0.22639123534904854,0.0,0.3589151866540462,0.05262681817435211,0.3620667598225531
0.2665888374083357,0.0,0.22230741747155253,0.004576640205063601,0.5065271049150482
0.12301685175192804,0.17942735528282883,0.32419861970687336,0.0841831559542211,0.2891740173041486
0.3762897868611262,0.0,0.2270875425370644,0.0,0.3966226706018094
0.05003812439488916,0.0,0.5362750512597969,0.0,0.41368682434531395
0.0,0.04660031332237311,0.6359954553079017,0.0,0.31740423136972523
0.19675405038929958,0.11581309118767677,0.25117670346279264,0.04647737015147796,0.389778784808753
0.07743193483729396,0.201993808787297,0.12677725544848684,0.0,0.5937970009269222
0.21244400779583744,0.10394832340758516,0.2090297507200709,0.0,0.4745779180765064
0.07031215591687168,0.0,0.28487373114464337,0.023651419076581574,0.6211626938619035
0.4993268095108325,0.038696431390152226,0.12201023199762828,0.0,0.3399665271013869
0.4580244138000682,0.0,0.0729564942567147,0.0,0.46901909194321717
0.24427395690813408,0.0,0.27651046544251084,0.0,0.4792155776493551
0.2386511967364214,0.0,0.40082812095464954,0.0,0.36052068230892903
0.3898795698675925,0.21646117727531206,0.17262543932092553,0.0,0.2210338135361698
0.1256292948909558,0.0,0.21264083858864793,0.0,0.6617298665203962
0.32776225231291256,0.009824126097910975,0.18930132298131008,0.0,0.4731122986078664
0.1826651368753737,0.0,0.231340825575103,0.022817493124495006,0.5631765444250282
0.0817577945582283,0.05332654851770466,0.2696697300405804,0.0,0.5952459268834865
0.0,0.11409427818808933,0.2767395732678174,0.0,0.6091661485440933
0.2508524951431526,0.06148122794764935,0.3544287683750697,0.0,0.3332375085341283
0.43508807963760665,0.14783970616839942,0.049155398722281286,0.0,0.3679168154717126
0.44156283770334254,0.04282366409206162,0.1899367603912117,0.0,0.3256767378133841
0.4789160070174888,0.0,0.25241732957879853,0.044338959403923066,0.22432770399978944
0.5454721720600272,0.0,0.13941018603697483,0.0,0.31511764190299796
0.4320063733308258,0.036651152549316605,0.30222496791729897,0.0,0.22911750620255866
0.29438806376069937,0.10310094280070915,0.17034068849466938,0.0,0.43217030494392206
0.4439353596416324,0.0,0.09844953784885473,0.0,0.4576151025095128
0.1329876720842964,0.0,0.443470613780977,0.0,0.42354171413472663
0.30367130905848133,0.030840875914079108,0.204080161981776,0.07476195885137962,0.3866456941942839
0.15568094526699852,0.004087597083531786,0.2316674760994027,0.04352598209031749,0.5650379994597495
0.1434792396526375,0.0,0.21424031784661826,0.0,0.6422804425007443
0.21463416700702462,0.0,0.19733194425573405,0.0,0.5880338887372414
0.30306353461413793,0.04092709694798129,0.22549716420156504,0.14634628288738527,0.28416592134893043
0.3232175115160592,0.0,0.26935574521936856,0.0,0.4074267432645722
0.10603430108697247,0.0,0.271593994976542,0.0,0.6223717039364854
0.5022230747923432,0.20120498898882383,0.11227832801306223,0.0,0.1842936082057709
0.21495315468056742,0.2565616817284611,0.21946904245162682,0.0,0.30901612113934473
0.2637425213240926,0.0,0.2179714866741309,0.04515543624730889,0.4731305557544675
0.1586523782871612,0.09246696662130742,0.3061035146725315,0.17446172179300695,0.2683154186259929
0.286836776148304,0.07526134065900363,0.20096316465668096,0.03939234459975959,0.3975463739362518
0.18388629776765586,0.04978392184059055,0.24052664679490388,0.0,0.5258031335968498
0.22497983578650557,0.29801049410003877,0.2041487432290037,0.0,0.272860926884452
0.0,0.0,0.5214717774787795,0.0,0.47852822252122046
0.33990760437476353,0.0,0.32044004289458083,0.19709496227813356,0.14255739045252208
0.4939629752876074,0.0,0.12454000739650369,0.0,0.38149701731588886
0.21775050902128276,0.15078372784086688,0.27839058450174486,0.0,0.3530751786361054
0.3239220739299944,0.051494431764032726,0.2209155601614543,0.0,0.4036679341445185
0.12397169188781411,0.0,0.3929292517533993,0.0,0.4830990563587866
0.3538477549144761,0.0,0.4866462534425546,0.0,0.15950599164296944
0.29745312322548256,0.1489776982448213,0.17699090420966992,0.0,0.37657827432002616
0.05766806903854349,0.017956574709866387,0.23329412997157872,0.0909972721880064,0.600083954092005
0.07136326391073744,0.0,0.32888217633773176,0.0,0.5997545597515308
0.22917313891556812,0.002016173924860427,0.2349920827916234,0.025098687212568048,0.5087199171553801
0.6318540020563471,0.12055726222310115,0.0,0.0,0.2475887357205517
0.33989702624328566,0.02141860462365851,0.22831784775395897,0.1570885900384417,0.2532779313406552
0.0966920982973557,0.0,0.37865702108346444,0.28074966657889266,0.2439012140402873
0.6588916959372896,0.006809013336843065,0.13621580966746905,0.0,0.19808348105839832
0.04880208377370503,0.0,0.28798263795686585,0.22114375862333616,0.4420715196460931
0.24156983084314704,0.05852871344107941,0.08251021425756876,0.0,0.6173912414582048
0.18920520542974953,0.10543916845094667,0.2367031209691018,0.0,0.468652505150202
0.2266262719653143,0.0,0.4260453543288872,0.1418215133043537,0.2055068604014448
0.4427452057239895,0.008199356704064216,0.26201311739761685,0.0,0.2870423201743295
0.24769901359153315,0.05647068886773859,0.23880205460695994,0.15724542609164266,0.29978281684212565
0.3437505804958235,0.010936669400899554,0.21911623605551384,0.0,0.42619651404776304
0.07562824780796862,0.030018479075833566,0.33549730697736413,0.0,0.5588559661388338
0.254112646008025,0.054848445542458754,0.242101755822664,0.20661369758125875,0.24232345504559347
0.14719299016794785,0.0,0.27837575510636475,0.0,0.5744312547256873
0.06903121179448406,0.017388352819788674,0.32494723211166554,0.29774897396844724,0.2908842293056146
0.037778976839448426,0.0,0.34009389589034816,0.3339525900515795,0.28817453721862396
0.15043986434819628,0.09685679698407475,0.2523211759977406,0.17184303217726465,0.3285391304927237
0.26638934451184837,0.05059286404695575,0.2009108639390557,0.18709857617989598,0.2950083513222443
0.5408687002198821,0.015680068677320223,0.26466022651208354,0.0,0.1787910045907142
0.2564732881125923,0.011470702358255848,0.2545585969762942,0.2463519335912921,0.2311454789615656
0.2475798412614649,0.0456079527787778,0.21728890698046271,0.26480183678645536,0.2247214621928392
0.30286337761374343,0.0,0.24966658758591892,0.0,0.4474700348003377
0.4977868087733624,0.028428772213109403,0.13749846331687926,0.0,0.3362859556966489
0.011236090504892122,0.0,0.4868733603156074,0.0,0.5018905491795005
0.6466284381583705,0.0,0.16955193345885944,0.0,0.18381962838277005
0.12545635662161153,0.0,0.2698570134724377,0.04504106357165479,0.5596455663342961
0.41230256849153496,0.07555160667176067,0.37182942239702516,0.0,0.14031640243967927
0.40657178429578167,0.03778845277120398,0.21546781129874112,0.008338327915738157,0.33183362371853514
0.3027194957267795,0.0,0.36817907045024795,0.0,0.3291014338229726
0.11491594131158062,0.20019296463370048,0.18883734380833167,0.0,0.4960537502463872
0.18885921257770583,0.0,0.19291407047257866,0.0,0.6182267169497154
0.0,0.029555620801793227,0.39948890039357604,0.0,0.5709554788046307
0.10296745498248223,0.0,0.17542475745007988,0.0,0.7216077875674378
0.05157173599013244,0.237784301239044,0.23366748362696052,0.0,0.4769764791438629
0.6111530311895508,0.0,0.11498398185719141,0.0,0.2738629869532577
0.1321167440096883,0.24297308234628398,0.22188020906360975,0.0,0.40302996458041784
0.4156821872733294,0.0,0.17373064241059752,0.0,0.4105871703160731
0.04802256146976987,0.0032136464767320715,0.20164787438110085,0.0,0.7471159176723973
0.39277939837863984,0.03615891953256055,0.14672739265688337,0.0,0.4243342894319162
0.3320962070536544,0.005329978971083152,0.1682659146269867,0.0,0.4943078993482757
0.3705347341359827,0.15389297592268059,0.09977941793439264,0.0,0.3757928720069441
0.0967774194459143,0.004103906400744109,0.33151070729836557,0.1017140629823729,0.46589390387260315
0.2027887642490418,0.009592979329406915,0.20136094842927796,0.0,0.5862573079922733
0.04526223878958876,0.16576814758502983,0.2623939339924215,0.21835610890345175,0.3082195707295082
0.10557880843393522,0.07295373689612822,0.23405516044886784,0.3761336001402126,0.2112786940808562
0.058289925735464626,0.0,0.41153873286267767,0.33492551461766074,0.19524582678419683
0.12589273077820576,0.20920773983188762,0.21142786875576472,0.0,0.45347166063414196
0.16965236131265257,0.06434679359967463,0.17934759686997037,0.0,0.5866532482177024
0.1258172074919783,0.09005702981963938,0.37816102695121256,0.038094349941627026,0.36787038579554276
0.05354128250433435,0.022802816092631666,0.5273647685449343,0.0,0.3962911328580996
0.26519505671720184,0.048446742901997866,0.3325024348563309,0.05264891412286165,0.3012068514016077
0.6787878419287399,0.029542218372956792,0.04043795291111552,0.0,0.25123198678718806
0.06185482659920861,0.0,0.264187243467261,0.4499305966321524,0.22402733330137803
0.10321306124951839,0.0,0.5107614044765435,0.0,0.38602553427393804
0.2025034983816276,0.11231412870705822,0.22296030247193574,0.05030130372149915,0.4119207667178792
0.69054474733858,0.05280130610393946,0.0,0.0,0.25665394655748075
0.36481815990314,0.023171768727355546,0.23435907390477903,0.0,0.37765099746472547
0.11642603291230659,0.036762243229407424,0.29447649155155337,0.0,0.5523352323067326
0.13052097645010158,0.0973160840753022,0.30545004869527037,0.0,0.46671289077932576
0.0776323015335916,0.008703624129401588,0.42714161098554504,0.0,0.48652246335146176
0.20401060763913204,0.0018534853967511707,0.24418002990817747,0.30059564640056435,0.24936023065537505
0.018666243008154646,0.0,0.30980931730882233,0.0,0.671524439683023
0.09185915770950884,0.0,0.23461076428916022,0.31792508305883205,0.355604994942499
0.253419368038236,0.060819002787394036,0.24504456912416628,0.21196477896456406,0.22875228108563953
0.0,0.18180145774795925,0.11983944211908318,0.0,0.6983591001329577
0.0741647493305137,0.20670953315917828,0.21968107169171797,0.0,0.49944464581859016
0.2192948068588933,0.06130858640453125,0.39509053771207003,0.10760568998669218,0.21670037903781317
0.2379357219460374,0.05799511905271259,0.26347637316002503,0.0,0.44059278584122497
0.1521497753582562,0.0063015895220435965,0.2728971862510379,0.10984124590722405,0.45881020296143815
0.0,0.11608657216673213,0.8026767354789406,0.0,0.08123669235432737
0.0,0.07048590479842762,0.5105476594382414,0.0,0.41896643576333104
0.24179602402421518,0.16386672381540476,0.22333548253585453,0.0,0.3710017696245254
0.01136139239342399,0.1237425834173186,0.2826772031849663,0.0,0.5822188210042911
0.1467108418912054,0.4301831621937897,0.08860311355853519,0.0,0.33450288235646974
0.0,0.07669181684826729,0.2794784156560738,0.0,0.6438297674956589
0.28215107988187066,0.0,0.20134432335169847,0.0,0.516504596766431
0.10634249860413064,0.07078756350421987,0.5133171918380919,0.03532689556546384,0.2742258504880937
0.09167321912756403,0.0,0.25251271475404197,0.40334336150027406,0.25247070461812
0.5588730370398637,0.03280866508624495,0.22020671347642748,0.0,0.18811158439746378
0.2686609179614917,0.0,0.12992737640060842,0.0,0.6014117056378999
0.3808750522751411,0.00795719520551216,0.23607841317864883,0.12291724373317313,0.2521720956075248
0.3749988655741494,0.09455029932347556,0.07454855674530822,0.0,0.4559022783570667
0.05920360941192525,0.020943872280328846,0.5627467704016021,0.0,0.35710574790614386
0.03795539086856152,0.0,0.4769814621516797,0.03861591604614342,0.44644723093361527
0.12755875701707442,0.12003336866835818,0.5593697734478666,0.0,0.1930381008667008
0.4021799577468146,0.0,0.20007234613545039,0.010914527282388993,0.386833168835346
0.23291431653015957,0.0,0.33043726505915993,0.015163750119633076,0.42148466829104747
0.012343838744561623,0.0035716343306159523,0.6660228416331433,0.0,0.3180616852916791
0.28206354985908183,0.012675357604783156,0.29748225328753813,0.0,0.407778839248597
0.05281920796435589,0.0,0.4121382667669083,0.3109301470099367,0.22411237825879898
0.18445040775099514,0.010890583961301444,0.3904695368476751,0.104659512476297,0.3095299589637313
0.0,0.0,0.44607923872055644,0.0,0.5539207612794436
0.23869368156254736,0.07121052615717702,0.19437277383737822,0.15755758164559222,0.33816543679730515
0.304580204880716,0.02129573673566029,0.28324684342194184,0.12084789317845594,0.27002932178322586
0.5443352670528725,0.06587849777536746,0.12525843570878886,0.0,0.2645277994629712
0.5058475750390633,0.02246922775051825,0.22238963855403654,0.0,0.24929355865638195
0.18516922003209096,0.0,0.5037548409272057,0.07844650542562226,0.23262943361508107
0.6320364985104537,0.08278233465059208,0.2398125424369585,0.0,0.04536862440199576
0.533549272448952,0.03586387451486443,0.10030954482934205,0.0,0.3302773082068415
0.09646663123716906,0.10958827931113381,0.2937822525679125,0.12519755307891603,0.37496528380486854
0.16781905593322688,0.07178842678841565,0.35864917998067475,0.12328951614688219,0.2784538211508005
0.5890370790633277,0.0010543631885164572,0.11260784523439628,0.0,0.2973007125137597
0.45404837065863124,0.03731048837934301,0.19037875997571072,0.04302276469496141,0.27523961629135363
0.0,0.18414025769378808,0.20973833576987022,0.0,0.6061214065363416
0.6737956558454441,0.12059550932337164,0.0,0.0,0.20560883483118422
0.10540074900304401,0.08035801239825316,0.23723850124044574,0.12175375266940673,0.45524898468885033
0.37304326140637717,0.06088463198820795,0.2244445767365956,0.0,0.3416275298688192
0.14171935046741108,0.037909815392902016,0.4232827253702158,0.0,0.39708810876947104
0.19809565567765802,0.09642597491040242,0.15040734037136635,0.0,0.5550710290405733
0.0,0.18359274159626143,0.2584646017744556,0.0,0.5579426566292829
